AD,42.55,1.54
AE,23.47,54.55
AF,34.16,66.50
AG,17.35,-61.79
AI,18.24,-63.03
AL,40.65,20.11
AM,40.46,44.80
AO,-12.18,17.98
AQ,-79.84,35.89
AR,-33.50,-64.17
AS,-14.33,-170.75
AT,47.52,14.13
AU,-24.13,134.05
AW,12.52,-69.97
AX,60.16,19.87
AZ,40.40,47.21
BA,44.09,18.07
BB,13.16,-59.57
BD,24.21,89.68
BE,50.79,4.80
BF,12.67,-1.36
BG,42.51,25.16
BH,26.06,50.55
BI,-3.33,29.92
BJ,10.32,2.35
BL,17.90,-62.83
BM,32.30,-64.76
BN,4.45,114.55
BO,-16.67,-64.59
BQ,17.54,-63.13
BR,-12.10,-49.56
BS,26.40,-77.15
BT,27.54,90.04
BV,-54.42,3.41
BW,-22.10,24.18
BY,53.82,28.42
BZ,17.20,-88.71
CA,60.32,-101.91
CC,-12.16,96.83
CD,-1.86,23.46
CF,6.99,20.91
CG,0.14,15.90
CH,46.72,7.46
CI,7.49,-5.57
CK,-21.22,-159.79
CL,-38.15,-72.32
CM,4.59,12.47
CN,32.50,106.34
CO,3.37,-73.17
CR,10.07,-84.08
CU,21.33,-77.98
CV,15.07,-23.64
CW,12.15,-68.92
CX,-10.49,105.67
CY,34.91,33.08
CZ,49.88,15.38
DE,50.96,9.68
DJ,11.98,42.50
DK,55.97,9.02
DM,15.46,-61.34
DO,19.10,-70.65
DZ,27.40,2.81
EC,-1.26,-78.19
EE,58.72,25.87
EG,26.19,29.45
EH,23.97,-12.63
ER,15.79,38.29
ES,40.09,-3.46
ET,8.03,39.09
FI,63.25,27.28
FJ,-17.83,177.98
FK,-51.61,-58.74
FM,6.89,158.23
FO,62.19,-7.06
FR,46.70,2.55
GA,-0.44,11.84
GB,54.40,-2.12
GD,12.11,-61.68
GE,41.87,43.74
GF,4.00,-53.07
GG,49.46,-2.56
GH,7.72,-1.04
GI,36.13,-5.35
GL,74.32,-39.34
GM,13.64,-15.00
GN,10.62,-10.02
GP,16.30,-61.43
GQ,2.33,8.99
GR,39.49,21.73
GS,-55.68,-31.06
GT,14.98,-90.50
GU,13.35,144.70
GW,12.16,-14.52
GY,5.12,-58.94
HK,22.45,114.10
HM,-53.10,73.51
HN,14.79,-86.89
HR,45.81,16.37
HT,19.26,-72.22
HU,47.09,19.45
ID,-0.95,101.89
IE,53.08,-7.80
IL,30.91,34.85
IM,54.22,-4.53
IN,22.69,79.36
IO,-6.19,71.35
IQ,33.09,43.26
IR,32.17,54.93
IS,64.78,-18.67
IT,44.73,11.08
JE,49.22,-2.09
JM,18.14,-77.32
JO,30.81,36.38
JP,36.14,138.44
KE,0.55,37.91
KG,41.67,74.53
KH,12.65,104.50
KI,1.82,-157.38
KM,-11.73,43.32
KN,17.34,-62.76
KP,39.89,126.44
KR,36.38,128.13
KW,29.41,47.31
KY,19.32,-81.24
KZ,49.05,68.69
LA,19.43,102.53
LB,34.13,35.99
LC,13.89,-60.98
LI,47.11,9.56
LK,7.58,80.70
LR,6.45,-9.46
LS,-29.48,28.25
LT,55.10,24.09
LU,49.73,6.08
LV,57.07,25.46
LY,26.64,18.01
MA,31.65,-7.19
MC,43.74,7.40
MD,47.43,28.49
ME,42.80,19.14
MF,18.08,-63.05
MG,-18.63,46.70
MH,7.08,171.19
MK,41.56,21.56
ML,18.69,-2.04
MM,21.57,95.80
MN,46.00,104.15
MO,22.13,113.56
MP,15.19,145.73
MQ,14.71,-61.06
MR,19.59,-9.74
MS,16.74,-62.19
MT,35.89,14.43
MU,-20.30,57.57
MV,4.17,73.51
MW,-13.39,33.61
MX,23.92,-102.29
MY,2.53,113.84
MZ,-13.94,37.84
NA,-20.58,17.11
NC,-21.06,165.08
NE,17.45,9.50
NF,-29.03,167.95
NG,9.44,7.50
NI,12.67,-85.07
NL,52.42,5.61
NO,61.36,9.68
NP,28.30,83.64
NR,-0.52,166.93
NU,-19.05,-169.86
NZ,-39.76,172.79
OM,22.12,57.34
PA,8.72,-80.35
PE,-12.98,-72.90
PF,-17.63,-149.46
PG,-5.70,143.91
PH,11.20,122.47
PK,29.33,68.55
PL,51.99,19.49
PM,47.04,-56.33
PN,-24.36,-128.32
PR,18.23,-66.48
PS,32.05,35.29
PT,39.61,-8.27
PW,7.52,134.58
PY,-21.67,-60.15
QA,25.24,51.14
RE,-21.11,55.54
RO,45.73,24.97
RS,44.19,20.79
RU,58.25,44.69
RW,-1.90,30.10
SA,23.81,44.70
SB,-8.03,159.17
SC,-4.68,55.48
SD,16.33,29.26
SE,65.86,19.02
SG,1.37,103.82
SH,-15.95,-5.71
SI,46.06,14.92
SJ,78.78,18.08
SK,48.73,19.05
SL,8.62,-11.76
SM,43.93,12.44
SN,15.14,-14.78
SO,3.57,45.19
SR,4.14,-55.91
SS,7.23,30.39
ST,0.97,7.02
SV,13.69,-88.89
SX,18.04,-63.07
SY,35.01,38.28
SZ,-26.53,31.47
TC,21.82,-71.75
TD,15.14,18.65
TF,-49.30,69.12
TG,8.81,1.06
TH,15.46,101.07
TJ,38.20,72.59
TK,-8.56,-172.49
TL,-8.80,125.85
TM,39.86,58.68
TN,33.69,9.01
TO,-21.21,-175.16
TR,39.35,34.51
TT,11.00,-60.92
TV,-8.51,179.21
TW,23.65,120.87
TZ,-6.05,34.96
UA,49.72,32.14
UG,1.97,32.95
UM,19.29,166.64
US,39.54,-97.48
UY,-32.96,-55.97
UZ,41.69,64.01
VA,41.90,12.45
VC,13.09,-61.34
VE,7.18,-64.60
VG,18.43,-64.64
VI,17.75,-64.78
VN,21.72,105.39
VU,-15.37,166.91
WF,-14.29,-178.14
WS,-13.64,-172.44
XD,33.15,35.86
XK,42.59,20.86
YE,15.33,45.87
YT,-12.77,45.15
ZA,-29.71,23.67
ZM,-14.66,26.40
ZW,-18.91,29.93
