1,9.96,50.18
10,-31.44,-57.04
1000,45.84,14.59
10002,18.60,-63.43
1001,46.37,15.14
10010,-81.69,0.24
10011,-83.04,-170.34
10012,-12.43,123.59
10015,-54.59,158.90
1002,46.41,15.30
1003,46.17,14.50
10032,10.30,-109.22
10037,3.98,-81.59
1004,45.95,14.29
10041,-17.66,148.43
10044,19.32,-81.26
10045,35.20,33.60
1005,46.57,15.16
1006,46.15,14.92
10063,31.43,34.37
10066,49.43,-2.37
10068,36.13,-5.35
1007,46.39,15.37
10073,13.47,144.79
10076,-53.10,73.52
1008,46.39,14.00
10083,54.23,-4.53
10085,-5.28,71.74
1009,46.30,13.95
10090,49.23,-2.12
10093,35.38,77.29
10096,-0.86,169.55
10097,-4.69,-174.51
101,33.95,8.07
1010,46.13,13.98
10105,22.13,113.56
10107,43.75,7.40
1011,46.12,14.12
10110,22.39,-89.66
1012,45.99,14.00
10124,-29.03,167.95
10129,-54.42,3.42
1013,46.24,14.29
10135,-25.07,-130.10
10136,15.78,111.20
10137,8.27,113.34
1014,46.45,13.85
10149,68.80,67.26
1015,46.29,14.30
10150,23.81,-12.89
10154,-59.45,-27.19
10159,9.64,45.79
1016,46.34,14.19
1017,46.16,14.28
10175,-9.39,179.90
1018,46.15,13.81
10182,19.93,-75.20
10186,15.70,-63.64
10187,18.35,-64.59
1019,46.39,14.34
10192,32.00,35.29
102,36.79,9.95
1020,46.23,14.12
1021,46.05,14.11
1022,45.90,13.93
1023,46.37,13.62
1024,46.02,13.54
1025,45.69,14.01
1026,45.57,13.99
1027,45.52,13.64
1028,46.11,13.65
1029,46.25,13.55
103,36.58,9.38
1030,45.82,13.74
1031,45.51,13.82
1032,45.85,13.64
1033,45.48,13.63
1034,45.73,13.84
1035,45.83,13.97
10368,50.50,13.84
10369,49.65,13.20
10370,49.11,16.75
10371,49.18,17.77
10372,49.69,17.12
10373,49.87,16.28
1039,46.61,16.23
104,36.61,10.19
1040,46.44,15.99
1041,46.37,16.02
1042,46.48,15.98
1043,46.68,16.38
1044,46.72,16.27
1045,46.65,16.17
1046,46.59,16.28
1047,46.44,16.15
1048,46.56,16.03
1049,46.61,16.33
105,37.11,9.67
1050,46.38,16.06
1051,48.29,17.19
1052,48.52,19.48
1053,49.17,19.21
1054,48.14,18.40
1055,48.88,18.10
1056,48.34,17.70
1057,48.66,21.28
1058,49.14,21.20
1059,45.39,19.65
106,36.62,8.62
1060,45.01,20.97
1061,45.44,20.54
1062,69.56,24.48
1063,57.02,27.43
1064,55.93,27.34
1065,56.41,27.80
1066,56.36,27.26
1067,54.25,24.17
1068,56.64,22.40
1069,55.07,23.99
107,36.68,10.73
1070,54.68,23.18
1071,56.07,24.91
1072,55.96,23.27
1073,55.27,22.65
1074,55.53,25.62
1075,54.73,25.16
1076,57.42,27.17
1077,57.66,26.06
1079,56.42,24.27
108,36.78,10.17
1080,57.24,25.43
1081,56.04,26.59
1082,56.62,23.20
1083,57.17,26.58
1084,56.49,23.65
1085,56.51,25.86
1086,57.59,24.69
1087,56.80,26.23
1088,56.86,25.13
1089,56.27,26.70
109,36.10,8.70
1091,57.32,22.62
1092,56.95,23.01
1093,57.54,25.42
1094,56.99,24.12
1095,28.33,84.30
1096,18.29,45.69
1097,23.34,45.14
1098,22.99,50.17
1099,25.27,51.53
11,-33.48,-57.76
110,35.25,8.79
1100,25.16,51.16
1101,24.97,51.47
1105,25.75,51.42
1106,26.01,51.18
1107,25.46,51.36
1108,27.52,65.55
1109,33.87,73.80
111,33.76,9.86
1110,33.70,73.06
1111,35.79,74.98
1112,32.61,69.90
1113,31.36,72.34
1114,26.37,68.87
1115,42.84,74.59
1116,42.65,75.15
1117,42.04,77.95
1118,41.34,75.98
1119,39.79,70.89
112,34.42,8.80
1120,41.59,72.45
1121,42.48,72.27
1122,40.11,73.18
1123,34.94,72.64
1124,28.45,81.78
1125,28.48,83.56
1126,29.47,82.46
1127,27.70,83.55
1128,29.52,80.56
1129,29.31,81.16
113,34.98,9.43
1130,27.85,85.35
1131,27.18,85.97
1132,27.37,84.72
1133,27.27,86.66
1134,27.09,87.32
1135,27.16,87.81
1136,4.42,97.00
1137,4.75,101.06
1139,5.37,100.26
114,34.65,11.03
1140,5.81,100.65
1141,6.52,100.25
1143,2.01,103.41
1144,5.40,102.00
1145,2.32,102.29
1146,2.71,102.15
1147,3.85,102.49
1148,3.31,101.43
1149,4.94,103.01
115,35.56,9.34
1150,38.74,100.73
1151,35.27,96.24
1152,23.75,108.76
1153,26.80,106.56
1154,30.02,107.73
1155,39.95,116.39
1156,23.02,120.61
1158,22.53,120.66
116,35.36,10.66
1160,23.05,120.18
1161,24.78,120.96
1162,24.67,121.16
1163,24.59,121.64
1164,25.11,121.70
1165,24.53,120.94
1166,25.09,121.56
1167,24.91,121.65
1168,24.96,121.23
1169,24.00,120.46
117,35.62,10.75
1170,23.45,120.26
1171,23.48,120.44
1172,23.77,121.38
1173,23.80,120.99
1174,24.24,120.97
1176,23.73,120.43
1177,22.05,121.54
1178,26.41,118.18
1179,31.95,117.25
118,35.62,9.79
1180,23.79,113.72
1181,4.46,114.41
1182,4.90,114.92
1183,4.60,115.19
1184,4.64,114.67
1185,1.29,116.35
1186,5.31,117.09
1187,2.45,113.34
1188,-29.74,21.00
1189,-33.50,20.97
119,35.93,10.43
1190,-15.43,32.78
1191,-22.16,22.71
1192,-20.81,33.47
1193,-2.52,39.58
1194,-10.03,33.89
1195,-0.71,36.85
1196,-1.29,36.90
1197,-0.51,34.42
1198,-12.51,39.31
1199,-13.49,36.42
12,-32.30,-54.23
120,36.34,9.97
1200,-14.95,38.78
1201,-26.40,25.74
1202,-29.19,27.90
1203,-29.56,27.75
1204,-30.07,27.86
1205,-30.35,27.94
1206,-28.58,26.49
1207,-23.12,32.88
1208,-26.17,28.21
1209,-25.99,30.14
121,43.10,22.55
1210,-23.59,29.13
1211,-28.83,28.52
1212,-28.89,28.21
1213,-29.20,29.00
1214,-29.97,28.68
1215,-29.60,28.70
1216,-28.75,30.82
122,44.22,23.57
1223,-6.91,107.64
1224,-7.29,109.90
1225,-3.49,102.37
1226,-6.26,106.17
1227,-6.22,106.84
1228,-0.06,111.30
1229,-4.92,105.06
123,44.98,23.20
1230,-3.38,104.07
1231,-2.96,106.82
1232,-8.34,115.18
1233,-7.88,112.62
1234,-3.01,115.45
1235,-8.58,120.69
1236,-3.74,119.99
1237,-2.70,119.32
1238,-5.49,143.50
1239,-4.25,143.39
124,44.58,22.93
1240,-5.09,145.09
1241,-3.46,141.74
1242,-6.27,144.89
1243,-6.48,145.56
1244,-7.22,144.81
1245,-5.24,154.63
1246,-6.39,143.45
1247,-5.77,144.40
1248,-7.49,142.01
1249,-9.84,148.03
125,44.38,22.27
1250,-5.65,151.51
1251,-2.30,147.81
1252,-11.58,153.49
1253,-6.40,146.83
1254,-9.45,147.17
1255,-2.52,150.25
1256,-9.11,148.23
1257,-5.91,149.81
1258,-21.53,167.98
1259,-22.61,167.49
126,44.33,24.38
1260,-9.76,161.96
1261,-11.62,160.27
1262,-9.14,159.82
1263,-9.62,160.21
1264,-8.45,159.62
1266,-3.15,-79.09
1267,-3.44,-79.86
1268,-4.16,-79.81
1269,-3.94,-78.86
127,44.08,25.18
1270,-1.37,-89.69
1271,-49.04,-69.66
1272,-54.39,-67.53
1273,-30.97,-68.66
1274,-44.00,-67.86
1275,-34.85,-68.54
1276,-38.36,-69.98
1277,-1.68,-79.12
1278,-2.54,-79.00
1279,-0.81,-78.86
128,44.47,26.10
1280,-1.98,-79.86
1281,-1.22,-79.48
1282,-0.73,-80.16
1283,-1.26,-71.92
1284,-1.89,-78.74
1285,-2.45,-77.81
1286,-0.88,-76.42
1287,-0.09,-78.50
1288,-1.85,-76.88
1289,-1.27,-78.52
129,44.31,27.15
1290,-0.62,-77.74
1291,-17.29,-65.61
1292,-20.08,-63.95
1293,-14.04,-64.58
1294,-15.86,-49.58
1295,-36.67,-60.11
1296,-37.39,-65.84
1297,-40.13,-67.36
1298,-33.95,-66.14
1299,-32.33,-63.75
13,-33.10,-56.09
130,44.85,25.60
1300,-26.77,-67.01
1301,-23.18,-65.71
1302,-29.38,-67.53
1303,-25.02,-64.47
1304,-27.69,-63.45
1305,-26.97,-65.34
1306,-26.51,-60.88
1307,-24.91,-59.95
1308,-28.84,-57.65
1309,-32.03,-59.28
131,44.11,25.98
1310,-30.78,-60.86
1311,-22.23,-48.52
1312,-27.13,-54.84
1313,-8.47,-37.30
1314,6.70,-75.51
1315,5.69,-72.93
1316,8.44,-75.65
1317,6.85,-73.50
1318,11.42,-72.67
1319,22.33,-80.48
132,44.63,27.19
1320,21.68,-82.81
1321,22.50,-83.67
1322,21.96,-79.38
1323,17.54,-88.42
1324,16.99,-88.88
1325,18.17,-88.35
1326,17.71,-88.86
1327,9.78,-83.70
1328,10.46,-83.95
1329,9.70,-83.15
133,44.51,28.48
1330,8.93,-83.23
1331,9.60,-84.01
1332,8.31,-82.10
1333,10.75,-84.80
1334,10.33,-85.36
1335,1.29,-78.94
1336,8.58,-80.43
1337,9.17,-79.97
1338,7.86,-80.66
1339,7.58,-80.39
134,35.55,36.01
1340,9.09,-78.93
1341,8.23,-81.14
1342,12.54,-81.70
1343,13.87,-89.91
1344,13.91,-88.73
1345,13.82,-89.01
1346,13.77,-89.36
1347,13.49,-88.96
1348,13.72,-89.69
1349,13.71,-89.15
135,34.93,36.09
1350,13.30,-87.93
1351,13.77,-88.11
1352,13.49,-88.20
1353,13.63,-88.69
1354,13.41,-88.53
1355,16.81,-88.50
1356,16.38,-88.81
1357,14.19,-89.06
1358,14.10,-89.50
1359,18.51,-74.13
136,36.01,38.91
1360,18.43,-73.39
1361,19.83,-73.02
1362,18.29,-73.79
1363,21.96,-78.64
1364,21.37,-77.93
1365,20.24,-74.81
1366,20.32,-76.84
1367,20.81,-76.19
1368,21.03,-77.07
1369,20.20,-76.21
137,36.11,37.60
1370,17.99,-77.31
1371,18.40,-78.13
1372,18.02,-77.50
1373,18.05,-77.76
1374,18.36,-77.87
1375,18.36,-77.62
1376,18.27,-78.13
1377,17.98,-76.77
1378,18.12,-76.50
1379,18.32,-77.24
138,35.24,37.22
1380,17.85,-77.03
1381,18.27,-76.89
1382,18.02,-76.77
1383,17.95,-76.42
1384,19.31,-72.51
1385,19.03,-72.00
1386,19.49,-71.91
1387,19.64,-72.33
1388,18.55,-72.24
1389,18.29,-72.37
139,34.15,38.14
1390,19.26,-70.90
1391,19.36,-71.29
1392,19.57,-71.02
1393,18.89,-71.26
1394,18.57,-69.84
1395,19.01,-70.15
1396,18.48,-69.35
1397,5.29,-75.28
1398,5.11,-74.06
1399,4.09,-74.24
14,-31.47,-55.33
140,35.85,36.68
1400,4.47,-75.64
1401,4.83,-75.67
1402,3.94,-75.21
1403,0.62,-73.81
1404,2.62,-77.28
1405,2.65,-75.55
1406,1.60,-77.98
1407,0.42,-75.55
1408,3.58,-76.59
1409,0.69,-78.02
141,36.35,40.91
1410,0.55,-78.41
1411,-0.09,-76.61
1412,10.67,-74.99
1413,8.58,-74.18
1414,9.85,-73.43
1415,5.38,-76.73
1416,10.37,-74.35
1417,9.01,-75.13
1418,7.90,-77.71
1419,9.28,-78.33
142,35.07,40.27
1420,6.64,-70.89
1421,8.09,-72.82
1422,5.46,-71.46
1423,1.85,-71.83
1424,2.71,-68.89
1425,3.53,-72.98
1426,0.79,-70.59
1427,4.89,-69.24
1428,23.07,-82.31
1429,22.85,-82.69
143,32.76,36.92
1430,22.62,-81.19
1431,22.60,-79.95
1432,15.54,-61.36
1433,15.40,-61.29
1434,15.30,-61.35
1435,15.58,-61.45
1436,15.44,-61.39
1437,15.25,-61.36
1438,15.22,-61.36
1439,15.28,-61.31
144,33.53,37.07
1440,15.35,-61.37
1441,15.50,-61.44
1442,14.72,-61.06
1443,62.14,-6.96
1444,52.20,-7.59
1445,35.29,-5.36
1446,33.23,-4.17
1447,34.55,-4.22
1448,34.54,-5.95
1449,33.10,-7.08
145,33.05,35.91
1450,33.55,-7.56
1451,33.70,-6.42
1452,31.79,-4.79
1453,32.16,-6.36
1454,33.62,-2.52
1455,30.67,-7.72
1456,31.35,-8.44
1457,32.41,-8.71
1458,5.29,-7.91
1459,7.52,-10.18
146,32.87,36.17
1460,4.38,18.55
1461,1.22,20.47
1462,10.72,14.54
1464,12.77,15.82
1465,15.26,15.80
1466,13.43,14.67
1467,-1.45,5.63
1468,1.46,10.45
1469,2.05,10.87
147,8.90,27.54
1470,1.31,9.80
1471,1.34,10.93
1472,14.08,18.62
1473,15.05,21.56
1474,11.31,18.09
1475,13.47,21.11
1476,4.19,10.09
1477,6.35,10.40
1478,3.67,8.80
1479,3.43,8.64
148,11.17,34.12
1480,4.73,11.74
1481,3.78,14.17
1482,6.80,13.22
1483,8.91,13.89
1484,8.77,15.93
1485,8.13,16.23
1486,9.72,15.44
1487,9.67,16.50
1488,8.68,17.55
1489,10.58,20.61
149,19.53,35.89
1490,42.76,16.87
1491,43.79,16.04
1492,43.53,16.79
1493,44.20,15.75
1494,41.52,19.65
1495,40.81,19.60
1496,42.14,19.15
1497,42.00,19.26
1498,42.21,19.76
1499,42.30,18.89
15,-32.11,-55.66
150,16.99,44.04
1500,42.50,18.90
1501,42.86,20.20
1502,42.09,20.19
1503,42.60,19.92
1504,40.19,19.79
1505,43.63,19.73
1506,42.40,18.60
1507,42.54,18.65
1508,42.69,19.77
1509,42.82,19.90
151,14.93,43.22
1510,43.02,19.76
1511,42.59,19.12
1512,42.79,19.44
1513,42.97,19.52
1514,42.83,18.83
1515,43.15,18.82
1516,43.30,19.23
1517,42.45,19.31
1518,42.39,18.69
1519,42.96,19.15
152,15.38,43.65
1520,43.11,19.20
1521,40.61,20.66
1523,40.64,20.09
1524,41.03,20.14
1525,40.19,20.19
1526,41.61,20.18
1528,41.82,19.86
1529,41.13,19.84
153,14.68,44.20
1530,30.85,31.03
1531,30.68,32.28
1532,30.51,31.00
1533,29.98,31.58
1534,30.27,31.32
1535,30.82,31.88
1536,29.61,32.15
1537,31.03,31.49
1538,31.12,32.43
1539,31.41,31.73
154,16.18,43.18
1540,29.61,27.51
1541,30.59,30.25
1542,29.30,30.46
1543,30.83,29.75
1544,29.35,29.72
1545,28.21,30.16
1546,28.89,30.50
1547,31.21,30.85
1548,22.65,32.28
1549,27.22,31.14
155,16.09,44.01
1550,24.83,28.96
1551,26.12,32.44
1552,26.51,31.80
1553,40.32,44.07
1554,40.10,44.05
1555,40.82,43.82
1556,25.22,33.73
1557,28.93,33.77
1558,30.51,33.67
1559,2.40,26.79
156,14.05,44.20
1560,15.03,37.61
1561,15.28,39.06
1562,15.62,40.17
1563,16.63,37.92
1564,14.86,38.97
1565,13.57,41.74
1566,11.21,42.90
1567,11.55,43.04
1568,11.45,42.80
1569,11.39,42.23
157,13.18,44.66
1570,12.28,43.05
1571,11.80,42.50
1572,51.61,7.66
1573,48.59,9.00
1574,50.61,8.96
1575,53.12,8.74
1576,52.77,8.86
1577,50.91,11.10
1578,53.56,10.03
1579,54.13,9.85
158,13.43,43.73
1580,49.87,7.37
1581,49.40,6.87
1582,46.09,15.92
1583,45.34,15.41
1584,44.75,15.20
1586,45.37,14.69
1587,45.47,16.42
1588,45.72,15.59
1589,45.83,16.00
159,46.24,6.12
1590,50.16,12.73
1591,49.01,11.40
1592,45.12,13.87
1593,49.07,14.56
1594,49.41,15.77
1595,50.06,14.45
1596,49.75,14.46
1597,50.73,14.92
1598,50.37,15.88
1599,52.51,13.42
16,-33.10,-54.17
160,47.36,7.20
1600,51.93,11.68
1601,51.01,13.46
1602,45.15,17.81
1603,45.49,18.51
1604,45.39,17.68
1605,45.15,18.95
1606,45.73,17.61
1607,45.72,16.99
1608,46.19,16.83
1609,46.40,16.55
161,46.99,6.76
1610,46.19,16.33
1612,49.77,17.97
1613,48.26,26.96
1614,48.23,27.76
1615,48.13,27.30
1616,48.40,27.57
1617,47.96,27.56
1618,47.78,27.95
1619,48.03,27.89
162,47.42,8.20
1620,47.57,27.72
1621,47.75,27.57
1622,47.69,28.17
1623,47.26,27.91
1624,45.64,28.31
1625,45.90,28.70
1626,46.19,28.64
1627,47.03,28.82
1628,47.15,29.18
1629,46.88,29.19
163,47.10,8.17
1630,46.37,28.88
1631,46.26,28.31
1632,47.29,28.34
1633,46.59,28.78
1634,47.18,29.04
1635,47.87,28.30
1637,47.12,29.44
1638,47.26,29.16
1639,46.83,28.42
164,46.93,8.40
1640,46.89,28.79
1641,46.57,28.41
1642,47.05,28.24
1643,47.40,28.82
1644,47.67,28.82
1645,47.73,29.08
1646,47.84,28.70
1647,47.18,28.58
1648,47.57,28.43
1649,46.62,29.37
165,46.20,7.61
1650,46.79,29.70
1651,46.50,29.77
1652,48.04,28.70
1653,48.10,28.25
1654,59.32,25.17
1655,59.13,27.44
1656,58.97,25.68
1657,58.73,26.60
1658,59.23,26.38
1659,58.37,26.80
166,47.39,9.40
1660,58.86,22.54
1661,59.01,23.25
1662,31.45,88.41
1663,29.45,48.33
1664,29.26,47.94
1665,28.87,47.94
1666,29.25,48.05
1667,29.78,48.20
167,47.15,9.21
1670,40.89,45.18
1671,39.92,44.73
1672,40.28,45.38
1673,40.37,44.72
1674,40.93,44.45
1675,40.15,44.53
1676,41.19,45.43
1677,40.48,46.02
1678,40.49,45.64
1679,40.69,46.32
168,46.36,8.79
1680,40.46,46.30
1681,40.55,46.65
1682,40.10,46.17
1683,40.75,46.98
1684,41.08,45.20
1685,40.83,46.02
1686,40.88,46.42
1687,41.07,45.82
1688,40.70,46.91
1689,40.44,50.04
169,47.01,9.06
1690,40.33,49.37
1691,40.05,46.99
1692,40.57,47.41
1693,40.51,48.37
1694,40.11,48.90
1695,38.49,48.70
1696,40.35,47.25
1697,39.76,47.66
1698,39.46,48.37
1699,39.28,46.98
17,-34.55,-55.92
170,46.67,9.56
1700,39.18,48.43
1701,41.20,48.91
1702,39.56,47.32
1703,40.57,47.82
1704,39.91,48.06
1705,40.79,48.11
1706,40.24,48.16
1707,38.72,48.73
1708,38.99,48.70
1709,38.71,48.48
171,47.72,8.62
1710,39.39,49.06
1711,40.50,48.96
1712,41.04,49.10
1713,39.79,48.46
1714,39.82,48.81
1715,39.72,49.05
1716,40.38,48.60
1717,40.58,49.60
1718,40.39,47.73
1719,40.72,49.15
1720,38.87,48.27
1721,40.24,47.69
1722,39.97,47.41
1723,41.74,46.45
1724,40.96,47.78
1725,41.04,47.49
1726,41.38,46.80
1727,41.05,47.16
1728,41.18,48.34
1729,41.40,48.19
173,47.05,8.69
1730,41.52,48.77
1731,41.57,46.65
1732,39.25,46.15
1733,39.72,45.44
1734,39.63,46.99
1735,39.77,46.31
1736,39.34,46.59
1737,39.70,46.66
1738,40.25,46.79
1739,39.89,46.68
174,47.59,9.15
1740,39.09,46.63
1741,35.27,63.85
1742,34.16,62.48
1743,34.97,67.24
1744,36.69,67.22
1745,35.80,64.77
1746,36.90,65.96
1747,34.00,64.92
1748,35.71,66.22
1749,32.53,62.65
175,46.81,8.63
1750,30.93,63.98
1751,30.75,62.21
1752,32.81,66.09
1753,33.84,66.30
1754,31.14,65.72
1755,32.40,67.14
1756,41.12,85.43
1757,33.41,67.80
1758,33.36,69.82
1759,32.51,68.65
176,47.43,8.66
1760,36.78,70.80
1761,35.29,70.76
1762,34.90,71.11
1763,36.90,68.68
1764,34.22,70.30
1765,36.83,69.81
1766,35.86,68.98
1767,34.49,69.38
1768,34.97,69.66
1769,35.34,69.76
177,47.16,8.55
1770,34.73,70.21
1771,34.09,69.30
1772,35.00,68.90
1773,36.05,67.68
1774,34.43,68.11
1775,19.19,109.83
1777,13.74,102.87
1778,12.97,103.07
1779,11.56,103.47
178,61.37,16.50
1780,12.34,103.55
1781,13.57,104.04
1782,14.17,103.55
1783,12.89,102.61
1784,12.12,105.63
1785,12.16,104.55
1786,11.55,104.97
1787,11.52,104.28
1788,12.69,104.97
1789,11.57,104.87
179,57.55,14.42
1790,11.36,105.47
1791,13.73,105.12
1792,13.67,106.09
1793,12.66,106.18
1794,12.63,106.96
1795,13.24,107.08
1796,-0.14,104.60
1797,10.85,104.33
1798,10.53,104.35
18,-33.84,-55.81
180,57.28,16.09
1800,10.49,103.78
1801,11.04,105.89
1802,10.93,104.75
1803,37.18,106.04
1804,33.77,108.36
1805,37.76,112.39
1806,24.17,90.41
1807,30.99,112.26
1808,27.67,111.71
1809,30.54,102.38
181,60.81,14.44
1810,24.46,101.66
1811,38.52,115.31
1812,33.91,113.48
1813,41.39,123.07
1814,36.33,118.11
1816,39.37,117.35
1817,27.64,116.02
1818,32.98,119.94
1819,31.09,121.41
182,56.83,14.58
1820,29.11,119.97
1821,34.61,132.85
1822,34.85,133.83
1824,35.10,132.60
1825,35.37,133.82
1826,34.22,131.65
1827,33.01,130.15
1828,43.30,126.47
1829,33.49,130.62
183,59.39,15.06
1830,32.59,130.83
1831,32.10,131.29
1832,33.81,132.92
1833,34.22,134.00
1834,33.61,133.44
1835,33.20,131.45
1836,33.85,134.20
1837,0.76,122.33
1838,41.59,111.62
1839,46.85,127.97
184,58.37,15.70
1840,35.00,137.21
1841,35.85,136.94
1842,36.57,136.68
1843,34.57,136.39
1844,36.07,138.02
1845,35.04,138.31
1846,36.60,137.25
1847,43.37,142.81
1848,35.93,136.32
1849,35.06,134.84
185,59.08,16.63
1850,35.21,135.45
1851,34.28,135.88
1852,34.60,135.52
1853,35.18,136.09
1854,33.93,135.40
1855,35.49,140.32
1856,36.28,140.26
1857,35.44,139.34
1858,36.02,139.29
1859,36.66,139.79
186,59.80,16.42
1860,35.66,139.41
1861,35.61,138.65
1862,39.73,140.33
1863,40.64,140.77
1864,37.42,140.10
1865,39.57,141.36
1866,38.53,140.97
1867,37.55,139.00
1868,38.40,140.08
187,56.97,12.80
1871,-4.62,18.45
1872,-4.88,21.71
1873,-9.89,33.43
1874,-8.47,19.63
1875,-10.23,20.38
1876,-9.15,16.97
1877,-9.00,13.91
1878,-9.70,14.95
1879,-10.92,15.05
188,59.81,13.08
1880,-8.96,13.32
1881,-6.96,15.45
1882,-6.78,13.61
1883,-5.32,14.21
1884,-4.50,15.85
1885,-4.80,12.54
1886,-12.80,17.49
1887,-12.80,13.81
1888,-16.31,19.92
1889,-16.63,15.28
189,63.33,14.48
1890,-12.56,15.69
1891,-14.73,14.98
1892,-13.28,21.00
1893,-15.82,12.65
1894,-3.10,28.12
1895,-3.26,26.03
1896,-4.41,24.08
1897,-8.48,26.25
1898,-0.66,28.59
1899,-12.93,33.45
19,-33.88,-54.87
190,66.84,20.45
1900,-11.88,33.66
1901,-11.63,34.16
1902,-12.84,34.17
1903,-10.71,33.95
1904,-14.95,35.54
1905,-18.77,34.85
1906,-16.42,37.13
1907,-14.21,34.18
1908,-13.62,33.87
1909,-14.04,33.77
191,62.91,17.37
1910,-14.37,35.35
1911,-13.70,33.01
1912,-14.78,34.69
1913,-13.27,33.88
1914,-13.76,34.49
1915,-15.04,35.08
1916,-16.15,34.66
1917,-15.74,35.22
1918,-16.11,35.11
1919,-17.05,35.10
192,64.70,18.37
1920,-15.45,35.43
1921,-15.69,34.94
1922,-15.64,34.51
1923,-15.99,35.54
1924,-15.69,35.67
1925,-21.67,35.46
1926,-32.06,26.64
1927,-25.56,32.32
1928,-12.19,96.91
193,57.47,18.48
1930,-1.65,102.82
1931,-1.84,113.29
1932,-35.15,150.69
1933,-1.33,132.82
1934,-12.28,168.81
1936,-14.83,-68.21
1937,-18.72,-67.60
1938,-11.27,-67.43
1939,-20.90,-66.77
194,59.37,17.87
1940,-16.52,-61.14
1941,-21.50,-63.80
1942,15.08,-90.39
1943,15.64,-91.55
1944,16.89,-90.03
1945,14.73,-91.78
1946,14.40,-91.84
1947,15.03,-91.93
1948,15.65,-90.11
1949,14.73,-90.89
195,60.15,17.79
1950,14.17,-91.02
1951,14.60,-90.49
1952,14.52,-91.38
1953,14.61,-90.75
1954,14.74,-91.27
1955,15.05,-91.39
1956,14.90,-90.09
1957,14.17,-90.34
1958,9.21,-82.66
1959,15.52,-88.94
196,46.85,16.24
1960,14.67,-89.44
1961,14.63,-89.97
1962,14.24,-89.89
1963,15.03,-89.51
1964,19.73,-71.45
1965,19.74,-70.80
1966,19.43,-71.60
1967,19.60,-70.35
1968,19.40,-70.35
1969,18.51,-71.31
197,46.85,16.09
1970,18.17,-71.19
1971,18.38,-71.61
1972,19.04,-71.65
1973,17.94,-71.52
1974,18.60,-70.82
1975,19.05,-70.68
1976,18.92,-70.41
1977,18.36,-70.38
1978,18.64,-70.53
1979,19.20,-70.02
198,46.56,15.95
1980,18.98,-69.40
1981,18.85,-69.82
1982,19.47,-69.99
1983,19.27,-69.48
1984,18.51,-70.19
1985,18.47,-69.94
1986,18.76,-69.06
1987,18.61,-68.64
1988,18.52,-68.99
1989,13.09,-59.54
199,46.61,15.90
1990,13.26,-59.58
1991,13.15,-59.55
1992,13.19,-59.63
1993,13.18,-59.50
1994,13.21,-59.55
1995,13.32,-59.62
1996,13.12,-59.60
1997,13.27,-59.61
1998,13.14,-59.47
1999,13.19,-59.59
2,50.52,3.89
20,-34.69,-54.97
200,46.65,15.84
2000,3.86,-53.13
20002,41.90,12.45
20003,45.96,63.35
2001,55.50,-4.29
20010,-36.62,-72.07
20011,17.43,78.47
20012,34.03,77.48
2002,55.95,-4.20
2003,55.77,-4.37
2004,55.84,-4.21
2005,55.90,-4.74
2006,55.71,-4.71
2007,55.87,-3.94
2008,55.84,-4.55
2009,55.23,-4.74
201,46.82,16.31
2010,55.60,-3.83
2011,55.99,-4.48
2012,57.17,-2.20
2013,57.24,-2.78
2014,57.46,-3.23
2015,55.98,-3.76
2016,56.22,-4.29
2017,56.14,-3.71
2018,56.57,-3.88
2019,56.75,-2.92
202,46.80,16.09
2020,56.49,-2.95
2021,56.22,-3.16
2022,55.95,-2.71
2023,55.91,-3.26
2024,55.82,-3.07
2025,55.89,-3.61
2026,55.49,-2.78
2028,54.52,-1.54
2029,54.70,-1.80
203,46.48,15.89
2030,54.66,-1.28
2031,54.54,-1.24
2032,54.55,-1.00
2033,54.54,-1.32
2034,55.32,-2.07
2035,51.13,-1.24
2036,50.92,-1.38
2038,52.06,-0.73
2039,51.82,-2.15
204,46.07,14.31
2040,51.77,-0.81
2042,51.81,-0.27
2043,51.35,-2.50
2044,51.46,-2.60
2045,51.41,-2.79
2046,51.52,-2.46
2047,51.03,-3.03
2048,50.80,-3.86
205,46.15,14.63
2050,50.74,-1.86
2051,50.86,-2.31
2052,50.74,-1.96
2053,52.35,0.02
2054,52.49,-1.12
2055,53.76,-0.37
2056,53.52,-0.13
2057,53.57,-0.57
2058,52.89,-1.47
2059,52.99,-1.59
206,46.23,14.73
2060,51.54,0.13
2061,51.45,0.15
2062,51.56,-0.25
2063,51.37,0.05
2064,51.55,-0.15
2065,51.36,-0.08
2066,51.52,-0.32
2067,51.64,-0.09
2068,51.46,0.05
2069,51.49,-0.21
207,45.64,14.92
2070,51.47,-0.34
2071,51.54,-0.10
2072,51.49,-0.18
2073,51.41,-0.18
2074,51.57,0.09
2075,51.41,-0.30
2076,51.36,-0.18
2077,51.52,-0.03
2078,51.59,-0.01
2079,51.45,-0.18
208,46.56,15.85
2080,51.51,-0.16
2081,53.12,-0.22
2082,54.61,-5.94
2083,54.97,-7.21
2084,54.58,-7.31
2085,54.33,-6.62
2086,54.18,-6.27
2087,54.35,-6.17
2088,54.49,-6.40
2089,54.48,-6.95
209,45.66,14.48
2090,54.52,-6.08
2091,54.63,-6.71
2092,54.69,-6.26
2093,54.82,-6.72
2094,54.90,-6.23
2095,54.86,-5.90
2096,54.74,-5.80
2097,54.72,-5.98
2098,54.65,-5.72
2099,54.36,-5.81
21,-34.83,-56.23
210,46.34,14.72
2100,55.06,-6.69
2101,55.05,-6.40
2102,54.99,-6.97
2103,54.54,-5.85
2104,51.86,-4.20
2105,52.18,-4.18
2106,51.66,-4.90
2108,53.37,-3.06
211,46.31,15.75
2110,50.44,-4.75
2111,52.34,-3.44
2112,51.54,-3.61
2113,51.64,-3.18
2114,51.75,-3.36
2115,51.62,-3.41
2116,51.50,-3.18
2117,51.45,-3.37
2118,51.65,-3.74
2119,51.62,-4.06
212,45.78,15.19
2120,53.95,-1.08
2121,52.72,-2.49
2122,53.70,-2.44
2123,53.86,-2.54
2124,53.90,-0.48
2125,53.07,-3.34
2126,53.18,-3.15
2127,53.02,-3.05
2128,53.30,-4.38
2129,53.13,-3.73
213,46.15,15.58
2130,52.85,-3.92
2131,51.77,-3.20
2132,51.77,-2.90
2133,51.59,-2.95
2134,51.69,-3.04
2135,54.81,-7.41
2136,54.38,-7.66
2137,54.52,-5.63
2138,55.10,-4.02
2139,54.64,-2.89
214,46.60,15.36
2140,54.22,-1.38
2141,50.40,-4.11
2142,50.45,-3.57
2143,25.70,-0.94
2144,35.27,-1.00
2145,35.52,-0.61
2146,34.83,-0.59
2147,34.74,-1.49
2148,30.19,-2.82
2149,33.16,-0.83
215,46.33,14.46
2150,27.50,-5.83
2151,13.64,-14.98
2152,13.38,-14.19
2153,13.41,-16.68
2154,13.41,-15.70
2155,9.27,-1.12
2156,10.82,-0.78
2157,10.40,-2.14
2158,6.75,-1.33
2159,8.17,-1.43
216,46.43,15.87
2160,5.49,-1.27
2161,6.43,-0.46
2162,5.70,-2.34
2163,36.82,7.53
2164,36.70,8.15
2165,36.71,5.95
2166,36.76,6.82
2167,58.45,82.23
2168,0.32,10.14
2169,9.81,2.90
217,46.55,14.95
2170,11.43,2.93
2171,8.01,2.17
2172,5.84,0.11
2173,7.34,0.40
2174,6.62,2.22
2175,6.37,2.42
2176,6.98,1.81
2177,6.59,2.55
2178,7.23,2.09
2179,7.15,2.60
218,45.74,14.70
2180,6.49,1.79
2181,10.70,1.56
2182,9.32,1.77
2183,11.45,0.90
2184,12.07,0.61
2185,0.03,14.56
2186,0.72,12.87
2187,1.44,11.83
2188,26.85,8.76
2189,23.01,6.40
219,46.52,15.49
2190,32.78,0.97
2191,33.11,7.04
2192,31.15,3.11
2193,33.45,2.76
2194,31.00,6.25
2195,36.70,3.10
2196,36.75,3.61
2197,36.68,4.19
2198,36.53,2.34
2199,36.17,2.11
22,-33.91,-53.96
220,46.18,15.44
2200,36.23,1.21
2201,35.36,0.17
2202,35.96,0.31
2203,35.82,0.82
2204,34.59,0.18
2205,34.90,1.56
2206,35.73,1.78
2207,36.10,4.67
2208,36.62,4.92
2209,36.50,2.99
221,46.42,15.53
2210,36.19,3.84
2211,34.76,5.47
2212,34.15,3.70
2213,35.90,2.76
2214,35.36,4.38
2215,36.05,5.38
2216,35.59,5.78
2217,36.37,6.68
2218,36.44,7.46
2219,34.89,7.03
222,46.37,15.90
2220,36.24,6.13
2221,35.89,7.01
2222,36.15,7.84
2223,34.94,7.78
2224,43.98,16.86
2225,44.64,16.30
2226,44.10,17.65
2227,43.39,17.41
2228,43.32,17.89
2229,37.73,27.96
223,46.32,15.31
2230,38.24,27.40
2231,42.72,26.24
2232,41.85,25.88
2233,42.48,25.57
2234,42.19,24.14
2235,42.31,24.84
2236,41.66,24.61
2237,41.54,25.59
2238,39.72,27.84
2239,40.06,26.82
224,46.26,15.17
2240,40.96,26.47
2241,41.62,27.49
2242,41.08,27.45
2243,42.68,23.36
2244,42.29,23.61
2245,42.61,22.85
2246,42.93,25.25
2247,43.00,24.54
2248,43.50,24.62
2249,42.81,25.62
225,46.21,14.54
2250,43.49,23.18
2251,43.43,23.83
2252,42.24,22.94
2253,43.81,22.70
2254,42.54,27.26
2255,42.29,26.61
2256,43.63,26.59
2257,43.23,26.36
2258,43.29,26.99
2259,43.69,27.90
226,46.38,15.46
2260,43.21,27.58
2261,43.94,27.01
2262,43.62,25.93
2263,40.04,30.20
2264,40.13,29.06
2265,41.13,28.85
2266,40.90,29.94
2267,40.66,30.44
2268,40.59,31.68
2269,39.63,31.09
227,46.42,15.84
2270,41.51,33.64
2271,37.11,30.96
2272,38.68,30.69
2273,37.50,30.16
2274,37.75,29.28
2275,37.89,30.82
2276,39.35,29.55
2277,38.71,28.13
2278,37.05,28.65
2279,44.47,40.13
228,46.49,15.71
2280,43.71,41.69
2281,37.81,38.34
2282,38.57,39.37
2283,37.93,37.00
2284,38.51,38.19
2285,36.66,33.83
2286,39.35,34.13
2287,38.72,35.93
2288,38.74,34.64
2289,36.49,36.23
229,46.49,15.62
2290,40.64,35.76
2291,40.61,34.71
2292,40.54,38.61
2293,40.84,37.42
2294,41.59,34.82
2295,39.43,37.29
2296,41.28,36.02
2297,40.44,36.57
2298,41.02,41.83
2299,39.97,41.40
23,11.09,-69.76
230,46.52,15.89
2300,39.69,39.51
2301,40.95,40.87
2302,40.80,39.80
2303,43.37,44.85
2304,43.38,43.40
2305,43.00,44.17
2306,44.98,43.28
2307,39.59,43.36
2308,39.07,40.65
2309,38.03,40.27
231,46.28,15.82
2310,38.91,41.90
2311,38.52,42.35
2312,4.41,43.84
2313,2.67,43.55
2314,3.05,42.05
2315,1.55,42.47
2316,1.64,44.19
2317,51.77,0.50
2318,52.16,1.06
2319,52.66,0.95
232,46.31,15.87
2320,47.26,9.87
2321,66.75,170.52
2322,47.43,16.36
2323,47.39,14.86
2324,54.66,21.23
2325,46.72,13.87
2326,48.24,13.86
2327,47.25,13.01
2329,47.21,11.38
233,46.57,14.88
2330,48.25,15.74
2331,48.22,16.38
2333,67.96,34.32
2334,58.42,32.95
2335,57.24,29.12
2336,59.99,32.77
2337,59.81,30.29
2338,52.43,25.38
2339,52.20,29.52
234,46.58,15.50
2340,53.82,30.40
2341,55.31,28.67
2342,53.09,33.28
2343,54.67,33.08
2344,53.49,25.08
2345,53.19,27.47
2346,58.13,23.98
2347,58.09,27.17
2348,58.98,24.70
2349,57.94,26.07
235,46.53,15.39
2350,58.30,25.56
2351,57.77,26.96
2352,57.80,23.25
2353,63.53,33.14
2354,63.31,41.99
2355,57.12,41.62
2356,58.39,43.47
2357,56.14,44.78
2358,57.03,34.54
2359,59.64,40.93
236,46.13,14.56
2360,57.73,39.25
2361,54.24,35.34
2362,51.74,36.29
2363,52.75,39.21
2364,55.15,38.67
2365,55.72,37.62
2366,52.88,36.42
2367,47.99,41.26
2368,54.07,37.42
2369,49.50,44.45
237,46.39,14.49
2370,50.88,37.28
2371,45.84,39.47
2372,54.12,44.46
2373,53.06,44.82
2374,54.34,40.63
2375,52.78,41.59
2376,55.90,40.62
2377,50.78,40.52
2378,54.21,56.56
2379,54.11,60.24
238,45.82,14.94
2380,55.43,65.35
2381,67.83,56.29
2382,65.41,75.19
2383,64.12,55.82
2384,58.19,50.11
2385,56.54,47.91
2386,58.90,61.71
2387,57.34,52.80
2388,47.03,47.72
2389,55.49,47.17
239,46.36,15.23
2390,46.52,45.47
2391,51.52,56.21
2392,53.18,50.44
2393,51.67,46.64
2394,55.37,50.74
2395,53.92,47.38
2396,61.43,71.38
2397,56.05,73.40
2398,57.26,68.52
2399,52.43,82.87
24,11.35,-85.76
240,46.23,15.01
2400,50.98,86.94
2401,54.65,87.17
2402,53.36,89.84
2403,55.31,80.08
2404,22.47,57.34
2405,20.43,56.87
2406,21.60,58.96
2407,2.12,45.44
2408,5.10,46.68
2409,4.37,45.50
241,46.23,14.95
2410,3.01,46.05
2411,18.50,54.29
2412,5.51,48.10
2413,8.46,48.85
2414,22.91,55.93
2415,39.70,44.86
2416,43.22,45.76
2417,42.36,47.14
2418,39.10,45.93
2419,39.59,45.02
242,45.85,15.09
2420,39.19,45.34
2421,39.14,45.68
2422,39.21,45.42
2423,39.42,45.58
2424,23.98,56.82
2425,25.97,56.29
2426,23.25,58.68
2427,30.75,76.76
2428,28.69,77.09
2429,31.68,77.29
243,46.22,15.09
2430,29.10,76.27
2431,33.97,76.64
2432,22.92,89.37
2433,27.04,89.52
2434,27.03,89.84
2435,27.37,89.12
2436,27.49,89.38
2437,28.06,89.91
2438,27.02,89.05
2439,27.48,89.60
244,46.30,15.09
2440,27.68,89.82
2441,16.49,79.21
2442,10.37,76.52
2443,11.22,72.78
2444,20.62,84.43
2445,20.18,73.03
2446,14.37,75.67
2447,19.47,75.46
2448,7.30,80.72
2449,7.61,80.74
245,45.48,14.82
2450,6.94,80.70
2451,7.16,81.72
2452,7.85,81.46
2453,8.00,81.05
2454,8.56,81.08
2455,8.29,80.47
2456,8.90,80.48
2457,8.84,80.09
2458,9.24,80.57
2459,9.51,79.69
2460,9.38,80.33
2461,7.71,80.24
2462,7.95,79.91
2463,6.58,80.56
2464,6.20,80.24
2465,6.27,81.16
2466,6.17,80.55
2467,7.05,81.03
2468,6.72,81.34
2469,7.09,80.35
247,46.29,15.03
2470,6.86,80.03
2471,7.13,80.01
2472,6.59,80.14
2473,19.27,97.35
2474,6.84,93.79
2475,22.44,90.24
2476,22.42,92.13
2477,26.33,92.99
2478,24.74,93.85
2479,26.11,94.57
248,45.75,14.62
2480,27.72,90.70
2481,27.03,90.17
2482,27.05,90.35
2483,27.70,91.08
2484,27.68,91.51
2485,27.08,90.85
2486,27.45,90.48
2487,27.52,90.09
2488,24.65,91.70
2489,25.48,91.30
249,45.72,15.05
2490,27.20,91.20
2491,26.96,91.34
2492,26.95,91.73
2493,27.26,91.73
2494,36.75,127.67
2495,37.50,126.51
2496,37.80,128.22
2497,37.54,126.99
2498,37.26,127.20
2499,35.68,127.08
25,7.04,-68.55
250,46.02,14.29
2500,35.20,126.93
2502,36.46,126.87
2503,36.36,127.40
2504,35.90,128.63
2505,35.32,128.22
2506,34.82,126.88
2507,35.19,129.08
2508,35.50,129.23
2509,36.34,128.71
251,46.41,14.66
2510,33.37,126.56
2511,4.81,119.83
2513,9.85,124.25
2514,10.27,123.69
2516,9.76,123.03
2517,9.18,123.60
2518,10.41,122.98
2519,6.50,122.06
252,46.13,15.41
2520,8.03,122.73
2521,7.71,122.93
2522,7.84,123.31
2523,8.34,123.72
2524,5.54,120.86
2525,11.56,122.22
2526,11.85,121.47
2528,11.37,122.63
2529,10.97,122.59
253,45.83,14.73
2530,10.56,122.61
2534,9.03,117.91
2535,12.40,122.56
2536,13.23,123.56
2537,14.19,122.70
2538,13.67,123.36
2539,13.83,124.22
254,45.78,14.51
2540,12.23,123.61
2541,12.74,124.00
2542,17.57,120.80
2543,21.12,121.95
2545,17.92,121.64
2546,18.12,121.17
2547,18.20,120.71
2548,16.98,120.60
2549,16.13,121.76
255,46.05,15.65
2550,17.00,121.93
2551,16.83,121.21
2552,17.09,121.17
2553,16.37,121.10
2554,16.30,121.66
2555,14.66,120.42
2556,15.47,120.46
2557,15.69,121.00
2558,15.02,120.65
2559,16.55,120.69
256,46.56,15.64
2560,15.05,120.16
2561,16.56,120.44
2562,15.87,120.34
2563,14.26,120.84
2564,13.93,121.08
2565,14.96,121.00
2566,14.15,121.31
2567,14.68,121.28
2569,13.37,121.97
257,46.53,15.26
2570,12.66,121.08
2571,12.85,121.36
2572,13.87,122.04
2573,8.06,124.12
2574,7.90,124.33
2576,6.98,124.44
2579,7.27,124.82
258,46.45,14.07
2580,6.53,124.38
2581,11.59,124.49
2582,10.73,125.75
2583,10.99,124.88
2584,11.83,125.00
2585,10.07,125.22
2586,12.38,124.81
2587,9.17,125.56
2588,8.58,125.76
2589,7.99,125.00
259,46.41,14.18
2590,9.17,124.72
2591,7.45,125.65
2592,7.53,125.98
2593,9.66,125.96
2594,8.81,126.10
2595,8.74,124.99
2596,6.35,125.51
2597,7.06,126.29
2598,5.96,125.30
2599,6.31,124.81
26,8.22,-69.98
260,45.88,13.73
2602,56.83,105.97
2603,65.56,95.20
2605,51.61,93.99
2606,52.91,109.34
2609,52.92,128.35
261,45.92,13.64
2610,52.16,116.56
2611,44.86,134.59
2612,65.60,130.99
2613,48.64,132.76
2614,57.02,135.44
2615,62.63,153.80
2616,47.35,152.47
2617,-18.38,178.13
2618,-20.67,-178.72
2619,-16.81,178.31
262,56.29,15.22
2620,-21.69,174.61
2621,-0.37,10.57
2622,-1.49,11.19
2623,-2.98,10.98
2624,-0.68,9.00
2625,-24.84,22.24
2626,-4.36,13.49
2627,-1.13,13.62
2628,-0.97,12.53
2629,-19.61,23.47
263,46.56,16.29
2630,-21.88,26.61
2631,-0.36,32.25
2632,-3.11,30.56
2633,-3.14,30.11
2634,-3.85,30.13
2635,-3.44,30.34
2636,-3.10,29.39
2637,-3.85,29.57
2638,-2.87,29.24
2639,-3.49,29.92
264,46.57,16.42
2640,-3.02,29.66
2641,-4.22,29.77
2642,-2.87,29.90
2643,-2.56,30.16
2644,-2.89,30.32
2645,0.01,41.81
2646,-24.20,26.43
2647,-23.87,24.49
2648,-24.99,25.74
2649,-25.00,24.37
265,46.51,16.17
2650,-20.10,133.78
2651,-25.85,121.65
2652,-10.49,105.65
2653,-35.46,148.98
2654,-32.48,146.78
2655,-29.65,135.78
2656,-37.01,144.75
2657,-23.14,144.78
2658,-12.50,177.07
2659,-31.59,159.08
266,46.57,16.13
2660,-42.14,146.60
267,46.58,16.18
2674,50.84,-0.11
2675,51.56,0.24
2676,51.50,0.38
2677,50.95,0.37
2678,51.35,0.58
2679,51.55,0.73
268,46.52,15.97
2688,19.91,-3.29
2689,19.43,1.09
269,46.53,16.28
2690,16.45,1.26
2691,-46.87,-73.39
2692,-53.47,-71.40
2693,-20.24,-69.37
2694,-18.32,-69.68
2695,-23.32,-68.87
2696,-27.45,-69.91
2697,-30.58,-70.77
2698,-33.46,-70.75
2699,-32.49,-70.94
27,8.49,-71.24
270,46.58,16.36
2700,-38.74,-72.38
2701,-40.12,-72.68
2702,-36.98,-72.35
2703,-34.53,-71.08
2704,-41.06,-72.90
2705,-35.61,-71.58
2706,30.34,-115.21
2707,25.07,-111.45
2708,27.45,-101.89
2709,28.97,-106.23
271,46.65,16.36
2710,24.57,-104.81
2711,25.60,-108.00
2712,29.53,-110.48
2713,23.38,-102.58
2714,25.62,-99.83
2715,22.45,-100.32
2716,24.08,-98.52
2717,22.04,-102.35
2718,19.13,-103.92
2719,20.30,-103.60
272,46.39,15.95
2720,19.25,-101.94
2721,21.79,-104.82
2722,18.66,-90.28
2723,16.94,-96.21
2724,18.55,-97.89
2725,18.13,-92.83
2726,19.40,-98.16
2727,19.33,-99.14
2728,20.81,-100.90
2729,17.76,-100.09
273,45.71,19.23
2730,20.54,-98.92
2731,19.33,-99.74
2732,18.74,-99.08
2733,20.74,-99.97
2734,19.09,-96.60
2735,16.53,-92.58
2736,19.39,-88.34
2737,20.66,-88.98
2738,76.44,-68.36
2739,64.06,-44.04
274,45.93,19.58
2740,61.55,-44.30
2741,66.55,-47.38
2742,77.06,-33.46
2743,74.56,-49.33
2744,58.97,-3.16
2745,57.41,-4.81
2746,56.23,-5.14
2747,60.31,-1.24
2748,50.95,-0.46
2749,52.31,-0.88
275,45.96,20.20
2750,52.17,-1.55
2751,51.79,-1.29
2752,51.88,-0.41
2753,51.53,-0.43
2754,51.39,-0.27
2755,51.26,-0.39
2756,51.57,-1.71
2757,51.33,-1.92
2758,50.68,-1.32
2759,50.80,-0.98
276,46.30,21.73
2760,52.58,-0.27
2761,52.61,-1.12
2762,52.66,-0.61
2763,52.94,-1.17
2764,53.12,-0.98
2765,51.55,-0.05
2766,51.58,-0.10
2767,51.59,-0.33
2768,51.46,-0.11
2769,51.44,-0.01
277,47.09,22.12
2770,51.53,0.04
2771,51.47,-0.07
2772,58.11,-6.75
2773,55.16,-6.26
2774,53.38,-2.55
2775,52.08,-2.74
2776,52.21,-2.20
2777,52.90,-2.02
2778,53.00,-2.17
2779,52.62,-2.72
278,45.06,22.02
2783,24.33,-8.99
2784,17.08,-13.63
2785,20.84,-16.14
2786,20.07,-15.35
2787,18.14,-15.92
2788,17.93,-14.61
2789,16.58,-11.71
279,44.46,21.54
2790,15.34,-12.12
2791,16.03,-12.86
2792,12.64,-8.02
2793,13.80,-10.20
2794,11.15,-6.54
2795,20.76,-10.33
2796,18.02,-7.19
2797,16.48,-9.69
2798,18.62,-10.33
2799,11.34,-4.19
28,7.86,-72.00
280,45.60,21.39
2800,11.41,-5.03
2801,12.16,-4.11
2802,12.96,-3.89
2803,11.83,-3.07
2804,12.35,-3.39
2805,14.58,-0.41
2806,14.24,-1.32
2807,12.66,-3.03
2808,13.29,-2.96
2809,14.79,-3.22
281,45.04,19.67
2810,13.59,-5.52
2811,13.45,-1.58
2812,12.31,-2.14
2813,12.39,-1.84
2814,11.93,-1.46
2815,12.33,-1.47
2816,12.65,-1.29
2817,12.87,-2.11
2818,13.19,-2.38
2819,12.25,-2.57
2820,11.18,-2.11
2821,11.61,-1.83
2822,13.87,-2.07
2823,13.68,-2.33
2824,13.17,-0.50
2825,13.23,-1.08
2826,11.48,-0.44
2827,11.41,0.20
2828,12.21,-0.77
2829,12.16,-0.29
283,45.31,34.28
2830,11.20,-1.17
2831,11.57,-0.94
2832,10.90,-3.42
2833,11.01,-2.97
2834,11.37,-3.41
2835,10.59,-5.24
2836,10.22,-4.42
2837,10.25,-3.34
2838,1.45,17.53
2839,12.00,13.15
284,47.09,31.65
2841,5.57,7.56
2842,4.90,7.91
2843,5.55,7.02
2844,5.00,6.82
2845,4.74,5.97
2846,7.49,8.71
2847,5.94,8.68
2848,7.94,10.54
2849,8.80,4.47
285,51.26,32.03
2850,6.43,3.52
2851,9.96,5.45
2852,7.02,3.29
2853,7.14,5.19
2854,7.67,5.36
2855,7.48,4.55
2856,8.19,3.62
2857,6.31,6.98
2858,10.41,9.89
2859,10.43,11.24
286,51.05,26.38
2860,5.44,5.88
2861,6.52,5.85
2862,6.55,7.38
2863,6.33,7.98
2864,10.33,7.44
2865,7.78,6.61
2866,8.95,9.61
2867,8.50,8.28
2868,12.07,9.36
2869,11.73,8.54
287,47.87,26.77
2870,12.51,7.59
2871,13.06,5.44
2872,12.01,6.13
2873,12.32,11.59
2874,12.91,0.12
2875,12.70,0.78
2876,13.87,-0.07
2877,13.32,0.66
2878,12.02,1.79
2879,11.77,4.07
288,48.29,26.22
2880,1.13,15.75
2881,9.48,12.58
2882,30.33,10.62
2883,38.24,20.56
2884,38.06,23.80
2885,37.33,22.35
2886,38.03,21.73
2887,44.53,18.55
2889,44.28,18.25
289,48.66,24.64
2890,43.80,18.31
2891,43.68,18.82
2892,40.38,21.46
2894,41.03,21.05
2895,41.24,20.57
2896,41.04,21.29
2897,41.26,21.12
2898,41.03,20.85
2899,41.33,20.86
29,9.50,-70.55
290,49.55,27.02
2900,39.53,22.19
2901,41.90,21.69
2902,41.44,21.12
2903,41.28,21.64
2904,41.94,22.17
2905,41.64,22.47
2906,42.24,22.26
2907,41.48,21.90
2908,41.98,21.25
2909,41.83,21.33
291,49.82,24.04
2910,42.21,21.89
2911,41.68,22.17
2912,41.83,21.46
2913,41.99,21.44
2914,41.88,21.95
2915,41.72,21.72
2916,41.47,21.02
2917,41.81,21.55
2918,41.92,21.13
2919,42.02,21.59
292,49.47,25.54
2920,42.14,21.58
2921,42.07,21.47
2922,41.58,21.59
2923,41.98,21.42
2924,41.82,22.40
2925,41.86,22.29
2926,42.14,21.39
2927,41.37,22.22
2928,41.47,21.43
2929,42.03,21.51
293,48.36,23.39
2930,41.59,21.90
2931,41.73,21.91
2932,41.51,22.38
2933,41.98,21.61
2934,41.77,22.28
2935,41.98,21.39
2936,41.32,22.04
2937,41.95,21.49
2938,41.93,21.48
2939,41.98,22.39
294,46.15,23.57
2940,42.06,22.14
2941,41.30,21.37
2942,41.37,21.23
2943,42.03,21.79
2944,41.63,21.21
2945,41.15,21.45
2946,41.37,22.14
2947,41.03,21.66
2948,42.06,21.30
2949,39.64,20.69
295,47.18,24.51
2950,41.60,20.88
2951,41.46,20.58
2952,41.54,20.59
2953,41.43,20.91
2954,41.52,20.95
2955,41.63,20.70
2956,41.58,21.03
2957,42.08,21.02
2958,42.05,20.89
2959,41.86,20.83
296,46.75,23.53
2960,41.95,20.87
2961,41.85,21.07
2962,41.79,20.81
2963,42.03,21.13
2964,27.94,17.30
2965,23.72,22.07
2966,32.54,14.14
2967,27.87,12.84
2968,25.92,10.43
2969,25.00,15.26
297,45.74,22.98
2970,32.22,15.02
2971,27.24,15.11
2973,32.49,13.04
2974,32.67,12.01
2975,32.46,12.49
2976,30.61,13.29
2978,32.69,13.52
298,47.64,24.00
2981,32.17,21.01
2982,32.01,21.72
2983,29.04,21.74
2984,31.29,20.62
2985,30.20,17.45
2986,31.82,22.58
2987,30.07,24.06
2988,39.95,25.23
2989,38.64,22.61
299,46.59,24.63
2990,35.19,25.07
2991,40.88,22.85
2992,40.29,24.19
2993,41.38,22.62
2994,41.29,22.54
2995,41.54,22.62
2996,41.18,22.58
2997,41.47,22.77
2998,41.24,22.40
2999,41.43,22.87
3,51.00,5.41
300,47.15,23.16
3000,41.25,22.65
3001,41.10,25.21
3002,41.74,23.52
3003,41.87,22.57
3004,41.63,22.80
3005,41.92,22.74
3006,42.04,22.52
3007,41.79,22.88
3008,39.83,32.58
3009,40.71,33.21
301,47.66,22.90
3010,41.25,31.82
3011,38.04,32.47
3012,37.23,33.30
3013,37.05,25.49
3014,38.49,29.36
3015,43.15,41.07
3016,37.00,37.25
3017,37.32,39.05
3018,37.40,35.76
3019,39.90,33.78
302,44.99,24.89
3020,37.90,34.71
3021,38.36,33.88
3022,34.05,36.11
3023,34.39,36.04
3024,33.88,35.51
3025,33.93,35.69
3026,39.55,35.13
3027,41.66,42.05
3028,41.96,42.18
3029,42.55,42.36
303,45.90,24.30
3030,42.09,42.99
3031,40.28,39.35
3032,40.29,40.31
3033,41.65,45.86
3034,42.21,44.74
3035,42.63,43.13
3036,41.72,44.84
3037,41.48,44.50
3038,41.51,43.23
3039,42.16,44.00
304,45.01,24.06
3040,40.37,43.07
3041,37.43,40.95
3042,37.73,41.43
3043,37.92,42.22
3044,37.40,42.55
3045,39.15,39.64
3046,37.09,43.23
3047,37.61,44.08
3048,38.52,43.57
3049,35.33,44.04
305,45.77,25.37
3050,36.24,44.18
3051,35.92,42.75
3052,34.34,43.73
3053,30.93,34.84
3054,32.55,34.97
3055,31.91,34.85
3056,32.82,35.42
3057,32.10,34.81
3058,31.74,35.02
3059,33.33,35.57
306,45.89,25.97
3060,33.27,35.30
3061,30.93,43.76
3062,32.50,43.77
3063,33.31,44.38
3064,0.49,33.31
3065,1.44,33.91
3066,1.67,33.20
3067,0.98,32.89
3068,0.70,33.57
3069,0.89,33.12
307,46.64,25.59
3070,1.58,32.65
3071,1.06,33.49
3073,0.88,33.68
3074,1.73,33.59
3075,0.30,32.81
3076,1.19,33.69
3077,0.02,31.38
3078,-0.01,32.09
3079,3.22,31.73
308,47.21,27.30
3080,2.79,31.13
3081,3.51,30.97
3082,1.96,31.43
3084,2.44,31.26
3085,3.62,31.72
3086,3.52,31.30
3087,3.23,30.91
3088,0.36,32.60
3089,0.84,31.96
309,46.97,26.46
3090,1.36,32.38
3091,0.20,32.43
3092,0.80,32.56
3093,0.59,31.49
3094,0.43,32.04
3095,1.11,32.16
3096,3.36,33.31
3098,2.87,32.46
3099,2.23,32.91
31,9.58,-72.55
310,45.11,26.02
3100,1.88,33.08
3101,2.88,32.89
3102,1.66,31.73
3103,2.38,32.53
3104,0.74,30.05
3105,1.47,31.03
3106,0.60,30.27
3107,0.60,30.67
3108,0.90,31.02
3109,11.70,37.72
311,47.21,25.81
3110,14.10,38.22
3111,12.12,41.02
3112,1.35,34.47
3113,1.26,34.68
3114,1.16,34.32
3115,1.03,34.21
3116,0.89,34.31
3117,0.54,33.76
3118,0.41,34.00
3119,0.88,33.93
312,46.41,26.76
3120,0.28,33.56
3121,0.74,34.08
3122,1.94,34.01
3123,2.94,33.97
3124,2.14,33.64
3125,3.71,34.04
3126,2.71,33.77
3127,2.67,34.71
3128,1.76,34.62
3129,6.21,36.45
313,45.13,27.62
3130,7.87,34.18
3131,7.56,40.22
3132,10.54,35.60
3133,8.97,38.78
3134,7.09,43.53
3135,9.56,42.04
3136,9.29,42.17
3138,47.17,16.81
3139,53.85,20.97
314,45.21,26.73
3140,54.26,18.27
3141,51.01,16.46
3142,53.59,15.59
3143,52.24,15.46
3144,52.15,17.45
3145,53.03,18.52
3146,50.20,18.99
3147,51.64,19.36
3148,52.23,21.19
3149,50.70,20.80
315,45.79,27.73
3150,53.34,22.72
3151,51.21,22.89
3152,49.86,22.43
3153,45.06,18.30
3155,45.96,17.96
3156,47.72,17.17
3157,46.36,17.55
3158,47.14,17.66
3159,46.67,16.80
316,46.52,27.73
3160,47.48,19.13
3161,46.61,19.47
3162,46.99,18.65
3163,47.67,18.22
3164,47.43,19.44
3165,46.51,18.52
3166,47.97,19.51
3167,50.55,17.80
3168,48.21,21.10
3169,47.95,22.18
317,45.80,26.98
3170,49.88,20.31
3171,46.59,20.84
3172,46.60,20.14
3173,47.29,21.37
3174,47.86,20.18
3175,47.21,20.52
3176,67.58,26.56
3177,62.52,25.39
3178,63.19,27.57
3179,64.55,28.44
318,51.12,24.84
3180,65.16,26.24
3181,63.68,24.01
3182,63.04,22.15
3183,62.75,23.15
3184,61.20,25.69
3185,60.92,24.42
3186,61.69,23.76
3187,60.42,26.58
3188,61.21,28.56
3189,61.82,27.97
319,49.15,31.22
3190,62.79,29.96
3191,60.61,22.71
3192,61.48,22.10
3193,60.42,24.85
3195,48.03,58.94
3196,51.29,64.13
3197,44.60,63.62
3198,47.77,51.76
32,9.30,-68.37
320,48.43,31.83
3200,58.87,56.59
3201,49.89,50.51
3202,51.93,69.85
3203,48.08,70.19
3204,54.45,69.07
3205,52.21,76.38
3206,48.34,81.98
3207,45.07,78.22
3208,48.88,89.81
3209,30.70,50.79
321,50.09,31.02
3210,28.83,51.42
3211,32.98,52.42
3212,29.40,53.08
3213,37.31,55.00
3214,36.23,52.21
3215,35.42,54.44
3216,35.51,51.65
3217,32.71,55.52
3218,32.00,50.53
3219,31.35,48.76
322,46.03,29.76
3220,33.53,48.41
3221,33.24,46.81
3222,30.68,47.56
3223,30.44,45.28
3224,31.61,45.11
3225,31.19,46.42
3226,31.81,47.07
3227,32.61,45.56
3228,27.65,56.25
323,48.96,28.72
3230,38.91,47.72
3231,34.56,49.96
3232,34.67,50.98
3233,34.83,48.57
3234,36.40,48.30
3235,36.06,49.70
3236,44.04,53.85
3237,36.67,45.67
3238,37.85,46.77
3239,34.28,46.69
324,50.69,28.46
3240,37.05,49.52
3241,35.58,46.86
3242,35.33,45.43
3243,33.99,45.10
3244,32.46,59.49
3245,35.58,58.80
3246,37.58,57.05
3247,27.43,61.05
3248,30.12,56.96
3249,31.02,75.38
325,50.82,34.32
3250,26.75,73.86
3251,42.72,68.75
3252,44.32,72.49
3253,26.72,81.00
3254,30.06,79.28
3255,24.67,89.04
3256,23.52,85.06
3257,23.05,87.73
3258,25.69,85.81
3259,27.57,88.45
326,48.63,34.96
3260,21.80,82.31
3261,22.94,78.42
3262,10.92,79.78
3263,11.02,78.27
3264,22.75,71.30
3265,15.31,74.00
3266,17.40,97.65
3267,20.63,96.06
3268,18.52,96.15
3269,17.11,96.11
327,48.15,37.79
3270,16.30,97.81
3271,20.30,100.67
3272,20.91,101.15
3273,20.27,93.64
3274,21.93,93.37
3275,16.75,95.11
3276,19.65,94.88
3277,21.52,98.16
3278,17.75,101.14
3279,13.61,98.77
328,49.47,36.46
3280,14.11,106.00
3281,15.76,106.25
3282,16.49,105.77
3283,18.10,102.56
3284,18.92,102.16
3286,19.51,103.46
3288,20.37,104.04
3289,20.08,102.55
329,48.91,39.00
3290,20.16,101.55
3291,21.62,102.25
3292,18.54,104.04
3293,17.62,105.34
3294,14.78,106.87
3295,15.64,106.98
3296,25.79,97.30
3297,44.41,109.83
3298,43.46,103.76
3299,28.41,94.47
33,10.15,-67.97
330,49.70,33.77
3300,23.20,92.84
3301,23.85,91.70
3302,23.70,95.18
3303,38.60,126.30
3304,37.73,125.28
3305,38.98,125.95
3307,41.87,129.42
3308,38.73,127.52
331,47.33,35.71
3310,40.65,126.40
3311,40.23,127.92
3312,39.52,124.70
3313,39.50,126.16
3314,40.96,127.88
3315,47.71,110.54
3316,48.01,100.92
3317,45.83,99.70
3318,48.62,96.17
3319,45.46,95.78
332,16.88,51.64
3320,46.80,92.46
3321,50.15,99.82
3322,49.69,92.84
3323,49.00,103.20
3324,49.01,104.29
3325,45.41,106.12
3326,48.85,106.46
3327,45.78,102.86
3328,49.36,106.31
3329,47.15,106.55
333,14.29,45.34
3330,47.74,108.35
3331,47.96,106.97
3332,48.78,114.26
3333,46.18,113.90
3334,-39.85,175.63
3335,-8.30,33.53
3336,-7.90,31.33
3337,-6.27,39.42
3338,-27.03,17.49
3339,-24.51,17.22
334,13.90,44.79
3340,-22.71,17.12
3341,-3.71,15.04
3342,-0.39,15.95
3343,-4.37,11.95
3344,-3.24,13.47
3345,-2.98,12.36
3346,-2.04,15.38
3347,-19.88,13.98
3348,-22.22,15.08
3349,-20.00,18.29
335,16.56,45.61
3350,-18.31,14.89
3351,-18.50,15.66
3352,-17.58,16.78
3353,-22.05,19.47
3354,-18.52,19.50
3355,-18.54,17.02
3356,-17.85,23.12
3357,-2.67,32.67
3358,-3.65,33.20
3359,-6.82,32.66
336,14.90,47.10
3360,-1.78,31.26
3361,-0.75,31.53
3362,-0.43,31.85
3363,-4.42,30.41
3364,-3.40,29.37
3365,-3.25,29.67
3366,-0.47,30.12
3367,0.14,29.98
3368,0.21,30.51
3369,-0.08,30.47
337,15.54,45.74
3370,-0.85,30.87
3371,-0.24,30.87
3372,-0.98,30.31
3373,-0.71,29.91
3374,-0.53,30.53
3375,-1.23,30.01
3376,-1.21,29.69
3377,-0.84,29.73
3378,-6.89,39.29
3379,-8.70,36.92
338,25.70,55.98
3380,-5.05,39.78
3381,-5.35,39.75
3382,-7.87,39.75
3383,-5.84,39.23
3384,-6.15,39.24
3385,-5.73,35.96
3386,-7.84,35.55
3387,-9.44,38.42
3388,-10.81,39.22
3389,-10.71,36.34
339,25.52,55.72
3390,-5.60,34.41
3391,-3.03,36.09
3392,-4.89,36.46
3393,-4.01,37.65
3394,-1.59,34.02
3395,-5.19,38.14
3396,-38.34,177.93
3397,-39.54,176.60
3398,-36.63,174.60
3399,-38.22,176.86
34,10.16,-69.81
3400,-43.40,171.81
3401,-41.64,173.66
3402,-41.25,173.39
3403,-41.67,172.68
3404,-35.59,173.98
3405,-39.34,174.41
3406,-43.36,170.40
3407,-45.43,169.89
3408,-45.65,167.93
3409,51.20,0.72
341,25.48,56.22
3412,54.21,-6.94
3413,33.58,69.38
3414,23.57,119.60
3415,24.45,118.37
3416,56.24,9.27
3417,55.35,9.13
3418,56.83,9.73
3419,55.85,12.32
3420,55.44,11.75
3421,46.84,6.85
3422,46.62,6.51
3423,47.51,7.73
3424,46.80,7.65
3425,47.56,7.59
3426,47.43,7.42
3427,46.87,8.21
3428,58.24,12.84
3429,55.91,13.52
3431,9.82,-5.37
3437,9.53,-7.38
344,24.93,56.29
3440,8.11,-7.68
3441,7.36,-7.73
3443,8.49,-6.29
3444,6.95,-5.83
3445,6.22,-5.81
3446,7.01,-6.51
3447,5.63,-5.49
3448,5.48,-6.68
3449,8.61,-3.41
3450,8.23,-4.86
3451,6.06,-4.02
3452,7.06,-4.24
3453,-29.81,28.18
3454,8.68,-81.76
3455,7.86,-78.14
3456,25.95,-13.28
3457,28.16,-10.05
3458,5.46,-4.43
3459,5.99,-7.79
346,25.40,55.54
3460,6.76,-3.48
3461,6.85,-5.15
3462,5.52,-3.13
3463,34.97,33.87
3464,35.02,33.04
3465,34.93,32.53
3466,35.02,33.95
3467,15.50,-90.88
3468,56.53,160.19
3469,23.01,-14.98
347,24.82,56.03
3470,8.79,7.19
3471,33.23,41.53
3472,32.68,44.51
3473,47.31,9.40
3474,50.83,4.36
3475,50.87,4.54
3476,50.32,4.89
3477,49.96,5.50
3478,50.97,3.83
3479,51.03,3.02
348,25.17,55.78
3480,51.25,4.72
3481,50.58,5.68
3482,50.64,4.55
3483,51.60,5.16
3484,52.07,5.19
3485,52.01,4.52
3486,52.57,4.90
3487,52.82,12.92
3488,53.75,12.56
3489,34.78,32.97
349,23.52,54.08
3491,-2.38,29.64
3492,-2.13,29.26
3493,-1.69,30.42
3494,-1.61,29.86
3495,-1.93,30.13
3496,15.23,44.37
3497,16.38,48.91
3498,15.35,44.21
3499,14.67,43.76
35,9.16,-69.38
350,24.95,55.34
3500,32.67,128.75
3501,29.46,129.60
3502,24.33,123.80
3503,36.56,139.03
3505,-12.09,-77.22
3506,29.32,48.03
3507,-8.73,157.55
3508,-7.41,157.55
3509,-10.28,161.74
351,39.72,55.26
3510,12.81,44.75
3511,13.83,46.21
3513,42.37,-72.00
3514,46.06,-93.36
3515,47.00,-110.04
3516,47.47,-100.30
3517,21.49,-158.00
3518,43.78,-114.13
3519,47.49,-120.36
352,38.81,59.08
3520,34.30,-111.94
3521,36.75,-119.59
3522,39.00,-105.54
3523,39.43,-117.02
3524,34.50,-106.02
3525,43.83,-120.39
3526,39.50,-111.54
3527,43.00,-107.55
3528,34.76,-92.14
3529,42.04,-93.39
353,41.40,58.77
3530,38.50,-98.33
3531,38.55,-92.45
3532,41.50,-99.69
3533,35.45,-97.13
3534,44.47,-100.25
3535,30.53,-92.00
3536,31.13,-98.76
3537,41.65,-72.76
3538,43.60,-71.63
3539,41.62,-71.51
354,39.95,63.77
3540,44.09,-72.73
3541,32.86,-86.72
3542,28.16,-81.62
3543,32.85,-83.41
3544,32.87,-89.72
3545,33.86,-80.65
3546,39.95,-89.20
3547,39.89,-86.14
3548,37.40,-85.57
3549,35.62,-78.87
355,41.25,61.25
3550,40.09,-82.67
3551,35.75,-86.34
3552,37.74,-78.24
3553,44.37,-89.58
3554,38.64,-80.71
3555,38.87,-75.41
3556,38.89,-77.01
3557,39.39,-77.05
3558,40.04,-74.47
3559,43.20,-75.32
356,43.85,59.22
3560,40.86,-77.61
3561,45.15,-69.20
3562,43.43,-84.95
3563,65.36,-151.60
357,42.17,64.27
358,39.99,66.31
359,38.64,63.45
36,10.35,-68.74
360,36.80,62.59
361,38.78,66.02
362,37.98,67.43
363,40.45,72.37
364,39.93,71.73
365,40.87,71.30
366,38.25,72.72
367,37.81,69.11
368,38.98,70.13
369,39.63,69.16
37,5.65,-56.90
370,40.39,67.66
371,39.95,68.80
372,41.25,69.95
373,28.33,82.55
374,18.40,97.89
375,10.38,99.08
376,8.37,99.78
377,7.97,98.35
378,8.58,98.39
379,9.52,98.58
38,3.36,-65.62
380,9.00,99.01
381,2.36,99.22
382,8.13,98.98
383,7.47,100.06
385,6.86,99.96
386,6.81,100.57
387,7.57,99.65
388,6.14,101.22
389,19.96,99.91
39,6.01,-63.86
390,18.84,98.70
391,18.63,99.57
392,18.13,99.00
393,18.83,100.84
394,19.19,100.16
395,18.06,99.93
396,16.97,100.49
397,17.24,99.70
398,17.72,100.53
399,14.33,99.30
4,-34.20,-57.68
40,9.06,-64.19
400,16.40,99.51
401,16.23,100.37
402,16.26,101.21
403,14.43,100.03
404,17.00,98.84
405,15.27,99.53
406,14.63,100.36
407,15.11,100.01
408,15.11,100.94
409,14.22,101.21
41,10.16,-67.33
410,14.11,101.59
411,15.69,100.25
412,14.40,100.52
413,14.03,100.62
414,14.97,100.34
415,14.49,100.91
416,13.79,100.63
417,13.89,100.41
418,13.92,100.07
419,12.87,99.60
42,10.58,-66.86
420,12.31,99.73
421,13.50,99.61
422,13.61,100.70
423,13.57,100.22
424,13.40,99.97
425,14.82,104.42
426,15.01,105.02
427,15.86,104.77
428,16.02,104.32
429,21.22,107.18
43,10.49,-66.96
430,13.30,101.28
431,13.63,101.42
432,12.81,102.14
433,13.86,102.38
434,12.81,101.40
435,12.39,102.54
436,14.70,102.97
437,16.01,101.88
438,16.58,102.68
439,16.62,103.68
44,10.93,-65.31
440,15.92,103.19
441,14.89,102.10
442,15.96,103.83
443,14.94,103.59
444,11.41,106.14
445,17.41,101.52
446,17.76,102.75
447,17.36,103.84
448,17.45,102.88
449,17.24,102.31
45,8.72,-66.48
450,21.75,103.23
451,22.15,105.87
452,21.58,105.89
453,22.35,103.25
454,21.78,106.72
455,21.30,104.16
456,20.09,105.22
457,22.13,105.23
458,21.75,104.51
459,20.73,105.34
46,9.50,-63.09
460,20.96,106.36
4600,20.79,106.64
4601,-21.12,55.54
4602,-12.78,45.28
4603,16.19,-61.68
461,20.81,106.08
462,21.13,105.87
463,21.10,106.12
464,21.35,105.55
466,20.27,105.85
467,20.56,105.98
468,20.23,106.25
469,21.31,105.14
47,10.26,-66.32
470,21.35,106.49
471,20.53,106.37
472,17.22,104.63
473,16.56,104.53
474,18.36,105.80
475,19.35,104.83
476,17.47,106.36
477,12.77,108.13
478,13.85,108.16
479,12.60,109.36
48,10.97,-63.97
480,11.54,108.00
4800,11.17,-84.52
4801,44.93,18.07
4802,44.81,17.26
4803,44.83,18.85
4804,44.75,19.15
4805,44.20,19.08
4806,43.93,18.75
4807,43.44,18.74
4808,43.10,18.34
4809,51.52,-0.09
481,11.62,108.92
4810,60.14,19.90
4812,60.22,19.59
4814,60.00,20.35
4817,60.09,19.94
4818,60.04,20.15
4819,60.10,20.23
482,13.16,109.06
4820,60.25,20.41
4821,60.13,20.66
4822,60.26,20.81
4823,60.41,21.05
4824,59.92,20.89
4825,53.90,27.64
4826,50.38,30.53
4827,46.70,33.58
4828,41.32,69.25
4829,43.27,76.94
483,11.14,106.66
4830,51.15,71.45
4831,3.14,101.70
4832,2.94,101.71
4833,5.33,115.22
4834,10.46,106.22
4835,12.14,107.66
4836,24.39,55.99
4837,-25.31,-57.57
4838,39.83,46.77
4839,41.18,42.83
484,11.68,106.90
4840,39.81,44.03
4841,36.83,37.00
4842,37.17,36.30
4843,33.51,36.29
4844,44.65,26.21
4845,41.18,20.60
4846,42.19,22.10
4847,45.03,28.62
4848,56.56,21.04
4849,56.65,23.70
485,14.11,108.97
4850,55.88,26.55
4851,56.52,27.33
4852,57.40,21.59
4853,-20.94,27.45
4854,-3.62,29.42
4855,-4.07,15.33
4856,5.18,17.80
4857,12.14,15.06
4858,9.26,14.74
4859,13.88,2.20
486,14.75,107.97
4860,13.75,-7.54
4861,0.23,6.61
4862,1.61,7.39
4863,-7.92,-14.37
4864,-15.93,-5.71
4865,-37.12,-12.27
4866,46.78,-56.19
4867,47.05,-56.34
4868,18.35,-64.93
4869,18.34,-64.75
487,15.65,107.95
4870,17.73,-64.78
4871,1.32,103.85
4872,1.34,103.70
4873,1.42,103.81
4874,1.38,103.92
4875,1.34,103.93
4876,42.51,1.51
4877,42.55,1.47
4878,42.60,1.52
4879,42.58,1.61
488,15.00,108.69
4880,42.54,1.64
4881,42.49,1.59
4882,42.45,1.48
4883,43.93,12.44
4884,43.92,12.42
4885,43.94,12.41
4886,43.97,12.47
4887,43.95,12.47
4888,43.93,12.48
4889,43.91,12.47
489,16.72,106.97
4890,43.90,12.45
4891,43.91,12.41
4892,47.13,9.55
4893,47.10,9.53
4894,47.07,9.51
4895,47.15,9.52
4896,47.18,9.51
4897,47.21,9.50
4898,47.25,9.52
4899,47.24,9.54
49,10.47,-63.35
490,16.31,107.63
4900,47.22,9.54
4901,47.19,9.55
4902,47.21,9.53
4903,47.23,16.62
4904,47.69,16.60
4905,47.66,17.67
4906,47.57,18.45
4907,47.37,18.89
4908,47.20,18.46
4909,47.12,17.91
491,16.09,108.10
4910,46.85,16.84
4911,46.45,16.99
4912,46.36,17.80
4913,46.07,18.23
4914,46.36,18.70
4915,46.93,19.67
4916,46.27,20.14
4917,46.38,20.39
4918,47.21,20.17
4919,46.75,21.10
492,0.40,101.75
4920,47.93,20.38
4921,48.11,19.79
4922,48.12,20.73
4923,47.94,21.76
4924,47.53,21.62
4925,46.95,18.90
4926,25.97,50.56
4927,26.16,50.49
4928,26.14,50.57
4929,26.22,50.58
493,6.18,101.73
4930,26.26,50.64
4931,17.49,121.32
4932,7.04,122.06
4934,-12.32,43.75
4935,-11.70,43.34
4936,-12.23,44.45
4937,14.15,145.21
4938,15.00,145.62
4939,15.19,145.74
494,6.74,101.38
4940,16.36,145.67
4941,6.87,158.16
4942,7.44,151.84
4943,9.58,138.11
4944,5.36,162.93
4945,-21.17,-175.16
4946,-18.61,-173.99
4947,-15.96,-173.76
4948,-19.76,-174.32
4949,-21.37,-174.94
495,10.40,107.14
4950,-20.02,-158.09
4951,-19.27,-158.89
4952,-21.94,-157.91
4953,-21.21,-159.79
4954,-19.84,-157.71
4955,-20.19,-157.31
4956,-18.90,-159.77
4959,-10.92,-165.80
496,11.13,108.23
4960,-10.06,-161.06
4961,-10.41,-160.96
4962,-9.00,-157.96
4963,-17.75,-149.52
4964,-16.67,-151.50
4965,-16.74,-143.14
4966,-22.52,-151.32
4967,-9.76,-139.04
4968,7.60,168.96
4969,9.46,170.24
497,11.13,107.18
4970,-0.53,166.93
4971,-0.54,166.92
4972,-0.53,166.91
4973,-0.52,166.91
4974,-0.51,166.92
4975,-0.51,166.92
4976,-0.50,166.93
4977,-0.50,166.93
4978,-0.49,166.94
4979,-0.50,166.94
498,10.57,105.15
4980,-0.50,166.95
4981,-0.52,166.95
4982,-0.54,166.94
4983,-0.54,166.93
4984,-13.94,-171.75
4985,-13.90,-171.92
4986,-13.89,-172.04
4987,-14.02,-171.59
4988,-13.96,-171.55
4989,-13.65,-172.24
499,10.24,105.69
4990,-13.97,-171.86
4991,-13.55,-172.47
4992,-13.56,-172.70
4993,-13.64,-172.63
4994,-13.72,-172.45
4995,-14.27,-178.16
4996,-13.28,-176.17
4997,-14.30,-178.09
4998,-14.27,-170.64
4999,-14.23,-169.49
5,-34.31,-56.77
50,11.29,-60.60
500,10.66,105.59
5000,-14.53,-168.17
5001,-11.06,-171.08
5002,-14.32,-170.77
5003,21.82,-71.77
5004,21.89,-71.93
5005,21.80,-72.29
5006,21.70,-71.48
5007,21.47,-71.14
5008,21.33,-71.21
5009,25.01,-77.44
501,10.41,106.93
5010,26.53,-78.63
5011,26.64,-78.91
5012,26.66,-78.22
5014,26.89,-77.64
5015,26.42,-77.12
5016,26.02,-77.24
5017,26.30,-77.55
5018,25.76,-77.85
5019,24.83,-78.00
502,9.86,105.28
5020,24.48,-77.94
5021,24.08,-77.80
5022,23.78,-77.60
5023,24.07,-76.36
5024,23.59,-75.91
5025,25.52,-76.83
5026,25.54,-76.76
5027,25.44,-76.59
5028,25.16,-76.18
5029,24.73,-76.20
503,10.69,106.13
5030,24.26,-75.39
5031,24.05,-74.48
5032,23.68,-74.84
5033,23.04,-74.91
5034,22.23,-75.74
5035,22.75,-74.24
5036,22.37,-74.00
5037,22.38,-73.03
5038,21.06,-73.36
5039,25.71,-79.28
504,10.17,106.50
5041,14.85,-24.72
5042,14.92,-24.44
5043,15.00,-24.35
5044,14.92,-24.33
5045,15.24,-23.72
5046,15.09,-23.70
5047,15.18,-23.64
5048,15.12,-23.55
5049,15.07,-23.62
505,9.84,105.66
5050,15.04,-23.58
5051,15.02,-23.53
5052,14.98,-23.64
5053,14.95,-23.52
5054,15.21,-23.18
5055,16.10,-22.81
5056,16.73,-22.94
5057,16.62,-24.29
5058,16.60,-24.35
5059,16.84,-24.97
506,9.34,105.57
5060,17.02,-25.23
5061,17.14,-25.12
5062,17.12,-25.02
5063,13.28,-61.15
5064,13.02,-61.23
5065,13.20,-61.23
5066,13.31,-61.20
5067,13.17,-61.19
5068,13.23,-61.25
5069,12.47,-61.45
507,9.06,105.07
5070,12.12,-61.63
5071,12.05,-61.66
5072,12.07,-61.72
5073,12.14,-61.71
5074,12.19,-61.67
5075,12.21,-61.63
5076,13.94,-61.02
5077,14.00,-60.97
5078,13.79,-61.03
5079,14.02,-60.91
508,9.56,105.90
5080,13.94,-60.91
5081,14.07,-60.94
5082,13.77,-60.99
5083,13.82,-60.92
5084,13.87,-60.92
5085,13.85,-61.04
5086,13.78,-60.94
5087,16.70,-62.19
5088,16.74,-62.17
5089,16.78,-62.20
509,9.83,106.29
5090,11.20,-60.77
5091,17.62,-61.79
5092,16.93,-62.35
5093,17.11,-61.78
5094,17.09,-61.74
5095,17.06,-61.70
5096,17.04,-61.77
5097,17.04,-61.86
5098,17.11,-61.82
5099,17.36,-62.76
51,10.71,-61.58
510,10.10,105.97
5100,17.36,-62.84
5101,17.28,-62.69
5102,17.13,-62.56
5103,17.18,-62.57
5104,17.38,-62.80
5105,17.12,-62.59
5106,17.35,-62.73
5107,17.39,-62.83
5108,17.14,-62.62
5109,17.32,-62.71
511,22.76,106.05
5110,17.16,-62.61
5111,17.33,-62.79
5112,17.31,-62.75
5113,17.90,-62.83
5114,18.19,-63.09
5115,18.26,-62.99
5116,18.21,-63.07
5117,18.27,-63.00
5118,18.22,-63.07
5119,18.26,-63.03
512,22.77,104.97
5120,18.22,-63.08
5121,18.23,-63.02
5122,18.21,-63.09
5123,18.24,-63.04
5124,18.22,-63.04
5125,18.23,-63.04
5126,18.23,-63.05
5127,18.19,-63.14
5129,36.50,127.23
513,0.85,124.45
5130,-9.45,160.02
5131,64.08,-21.86
5132,35.01,33.80
5133,34.60,32.97
5134,32.29,-64.79
5135,32.37,-64.67
5136,32.30,-64.76
5137,32.35,-64.72
5138,32.28,-64.78
5139,32.30,-64.80
514,-11.65,29.40
5140,32.36,-64.70
5141,32.30,-64.87
5142,32.31,-64.73
5143,32.25,-64.84
5144,32.27,-64.80
5145,18.08,-63.08
5146,18.04,-63.07
5147,17.63,-63.24
5148,17.49,-62.97
5149,12.23,-68.30
515,-9.80,30.75
5150,12.51,-69.97
5151,12.16,-68.95
5152,-51.86,-59.19
5153,22.27,114.14
5154,22.27,114.18
5155,22.27,114.21
5156,22.24,114.20
5157,22.31,114.17
5158,22.33,114.19
5159,22.33,114.16
516,-14.52,28.38
5160,22.34,114.22
5161,22.32,114.22
5162,22.35,114.25
5163,22.38,114.20
5164,22.35,114.14
5165,22.39,114.12
5166,22.38,113.99
5167,22.44,114.06
5168,22.51,114.15
5169,22.44,114.15
517,-13.10,27.93
5170,22.26,113.95
5171,0.19,-176.48
5172,0.80,-176.64
5173,-0.38,-160.02
5174,16.73,-169.54
5176,28.21,-177.38
5177,18.40,-75.01
5178,5.88,-162.08
5179,19.29,166.64
518,-13.76,31.83
5180,-10.35,56.54
5181,-20.24,57.47
5183,-20.32,57.52
5184,-20.22,57.72
5185,-20.39,57.65
5186,-20.25,57.60
5187,-20.09,57.57
5188,-20.36,57.52
5189,-20.17,57.53
5190,-20.15,57.50
5191,-20.27,57.48
5192,-20.07,57.66
5193,-20.34,57.41
5194,-19.70,63.45
5195,-20.46,57.52
5196,-20.30,57.49
5197,-9.74,46.49
5198,-4.68,55.52
5199,-4.71,55.49
52,10.12,-61.70
520,-15.44,29.08
5200,-4.59,55.45
5201,-4.70,55.51
5202,-4.75,55.51
5203,-4.75,55.49
5204,-4.33,55.76
5205,-4.60,55.43
5206,-4.63,55.45
5207,-4.62,55.41
5208,-4.67,55.50
5209,-4.57,55.44
521,-12.73,24.78
5210,-4.69,55.47
5211,-4.34,55.74
5212,-4.36,55.84
5213,-4.61,55.45
5214,-4.61,55.44
5215,-4.63,55.46
5216,-4.65,55.47
5217,-4.67,55.52
5218,-4.65,55.43
5219,-4.62,55.44
522,-16.69,26.96
5220,-4.79,55.52
5221,-4.66,55.48
5222,-4.65,55.48
5223,7.03,72.98
5224,6.62,73.05
5225,6.29,73.21
5226,5.81,72.98
5227,5.79,73.38
5228,4.88,72.98
5229,5.27,73.58
523,-15.78,23.76
5230,4.36,73.61
5231,4.26,72.95
5232,3.77,72.95
5233,3.31,72.83
5234,4.17,73.52
5235,3.50,73.51
5236,2.95,73.57
5237,2.68,72.90
5238,2.19,73.13
5239,1.83,73.51
524,-16.88,31.39
5240,0.76,73.37
5241,0.22,73.11
5242,-0.29,73.43
5243,-0.62,73.11
5244,7.43,134.53
5245,7.40,134.57
5246,6.91,134.16
5247,2.96,131.79
5248,8.07,134.71
5249,7.27,134.45
525,-17.89,31.05
5250,7.52,134.61
5251,7.65,134.65
5252,7.71,134.64
5253,7.60,134.60
5254,7.48,134.55
5255,7.46,134.60
5256,7.54,134.57
5257,7.57,134.64
5258,7.03,134.26
5259,5.29,132.20
526,-18.76,27.22
5260,18.24,-66.44
5261,33.15,35.86
5262,46.08,5.38
5263,49.57,3.52
5264,46.41,3.19
5265,44.05,6.25
5266,43.87,7.19
5267,44.80,4.50
5268,49.54,4.62
5269,42.90,1.54
527,-19.08,29.43
5270,48.31,4.16
5271,43.10,2.48
5272,44.29,2.66
5273,48.62,7.57
5274,43.53,5.40
5275,49.06,-0.29
5276,45.16,2.75
5277,45.70,0.15
5278,45.84,-0.71
5279,47.14,2.52
528,-18.21,31.67
5280,45.35,1.90
5281,41.84,9.02
5282,47.40,4.77
5283,48.44,-2.93
5284,46.07,2.04
5285,46.57,-0.30
5286,45.16,0.78
5287,47.16,6.32
5288,44.74,5.13
5289,48.56,2.30
529,-18.94,32.12
5290,49.04,0.93
5291,48.36,1.37
5292,48.33,-3.93
5293,43.99,4.19
5294,43.68,0.54
5295,44.73,-0.52
5296,47.89,7.25
5297,42.40,9.23
5298,43.55,1.42
5299,45.13,3.72
53,10.63,-61.28
530,-20.89,28.89
5300,48.16,5.24
5301,47.70,6.17
5302,46.05,6.52
5303,45.85,1.22
5304,44.67,6.38
5305,43.06,0.14
5306,48.86,2.20
5307,43.55,3.27
5308,48.14,-1.66
5309,46.80,1.62
531,-20.14,28.55
5310,47.29,0.71
5311,45.25,5.42
5312,46.73,5.73
5313,43.96,-0.79
5314,47.55,1.59
5315,45.71,4.16
5316,47.36,-1.60
5317,47.90,2.19
5318,44.63,1.61
5319,44.38,0.45
532,-20.78,31.09
5320,44.49,3.55
5321,47.38,-0.53
5322,49.16,-1.35
5323,49.02,4.26
5324,48.16,-0.64
5325,48.71,6.28
5326,48.95,5.51
5327,47.87,-2.89
5328,49.08,6.52
5329,47.15,3.57
533,-17.02,29.50
5330,50.40,3.23
5331,49.40,2.64
5332,48.65,0.06
5333,48.86,2.34
5334,50.47,2.36
5335,45.81,3.27
5336,43.26,-0.75
5337,42.57,2.55
5338,45.84,4.65
5339,46.68,4.51
534,-26.03,31.32
5340,47.97,0.17
5341,45.48,6.47
5342,48.55,2.84
5343,49.59,1.15
5344,48.93,2.52
5345,49.88,2.36
5346,43.80,2.14
5347,44.07,1.23
5348,47.66,6.94
5349,49.08,2.23
535,-26.52,31.80
5350,48.78,2.52
5351,43.41,6.27
5352,44.00,5.22
5353,46.69,-1.32
5354,46.53,0.41
5355,48.24,6.67
5356,47.77,3.64
5357,48.82,1.90
5358,44.43,10.85
5359,44.67,10.62
536,-26.63,31.24
5360,44.64,10.04
5361,44.87,9.58
5362,44.39,11.41
5363,44.77,11.93
5364,44.42,12.09
5365,44.06,12.08
5366,44.00,12.56
5367,44.47,9.15
5368,44.29,8.29
5369,44.01,7.82
537,-27.02,31.43
5370,44.21,9.69
5371,39.24,8.58
5372,39.51,8.73
5373,40.00,8.73
5374,40.64,8.68
5375,40.93,9.29
5376,40.33,9.40
5377,39.89,9.52
5378,39.45,9.26
5379,42.82,11.20
538,-2.29,125.98
5380,43.06,10.62
5381,43.55,10.68
5382,44.23,10.03
5383,43.99,10.45
5384,43.95,10.86
5385,43.90,11.08
5386,43.73,11.32
5387,43.53,11.78
5388,43.22,11.42
5389,40.45,16.49
539,-0.64,100.61
5390,40.33,15.94
5391,39.56,16.31
5392,39.16,16.95
5393,38.88,16.47
5394,38.64,16.19
5395,38.24,16.02
5396,41.22,14.14
5397,40.88,14.42
5398,41.23,14.77
5399,40.94,15.10
54,10.68,-61.13
540,-7.84,110.44
5400,40.44,15.22
5401,41.64,14.74
5402,41.65,14.24
5403,40.93,16.77
5404,41.55,15.51
5405,41.16,16.14
5406,40.62,17.71
5407,40.17,18.21
5408,40.61,17.11
5409,37.85,12.70
541,-8.55,125.67
5410,37.89,13.56
5411,38.05,14.91
5412,37.66,14.45
5413,37.59,14.97
5414,37.09,15.05
5415,36.91,14.65
5416,37.22,14.16
5417,37.45,13.49
5418,42.31,13.89
5419,42.67,13.73
542,-8.65,125.31
5420,42.06,13.60
5421,42.10,14.40
5422,41.97,12.73
5423,42.43,11.97
5424,42.34,12.94
5425,41.61,13.56
5426,41.38,13.09
5427,43.54,13.11
5428,43.70,12.64
5429,43.19,13.22
543,-9.32,124.24
5430,43.12,13.63
5431,42.91,13.59
5432,43.10,12.49
5433,42.58,12.49
5434,45.16,7.47
5435,45.59,8.09
5436,45.84,8.16
5437,46.07,8.34
5438,45.59,8.54
5439,44.81,8.75
544,-8.70,125.62
5440,44.92,8.17
5441,44.49,7.63
5442,45.71,7.35
5443,45.81,9.77
5444,46.20,9.81
5445,45.63,10.36
5446,45.14,10.74
5447,45.23,10.00
5448,45.25,9.55
5449,45.14,9.26
545,-9.03,125.55
5450,45.44,9.12
5451,45.79,8.76
5452,45.94,9.16
5453,45.76,9.37
5454,45.63,9.28
5455,46.08,13.20
5456,46.21,12.70
5457,45.86,13.49
5458,45.69,13.78
5459,46.71,11.44
546,-8.54,126.48
5460,46.04,10.99
5461,45.46,12.16
5462,45.05,11.87
5463,45.36,11.84
5464,45.45,11.04
5465,45.71,11.48
5466,45.81,12.23
5467,46.32,12.14
5468,-38.04,175.44
5469,-41.23,175.20
547,-8.98,125.22
5470,-44.27,-176.17
5471,-29.24,-177.91
5472,-9.34,-171.19
5476,-34.16,172.13
5477,-49.65,178.80
5478,-52.55,169.18
5479,-50.77,166.11
548,-9.31,125.23
5480,-48.02,166.61
5481,-19.05,-169.87
5482,44.52,33.64
5483,22.36,104.10
5487,25.46,51.47
5488,26.36,12.68
5489,22.88,-82.03
549,-8.85,125.34
5490,35.97,50.78
5491,38.55,68.77
5492,25.76,89.11
5493,-34.62,-58.45
5494,25.70,32.65
5495,42.34,130.37
5496,22.29,58.56
5497,23.43,57.65
5498,38.21,-8.57
5499,18.16,103.75
55,10.28,-61.10
550,-8.74,125.97
5500,11.81,-15.78
5501,-24.62,25.92
5502,-21.17,27.50
5503,-25.21,25.68
5504,-21.97,27.86
5505,-20.58,26.19
5506,-24.58,24.73
5507,-2.15,-80.58
5508,-0.35,-79.25
5509,-12.07,34.71
551,-9.00,125.81
5510,-15.44,34.69
5511,-11.37,32.02
5512,13.22,-16.31
5513,13.52,-15.98
5514,12.88,-15.62
5515,12.84,-12.19
5516,14.24,-15.20
5517,16.31,-14.99
5518,40.62,29.20
5519,40.86,31.32
552,-8.82,126.39
5520,41.23,32.51
5521,41.59,32.47
5522,10.30,123.90
5523,10.34,123.93
5524,10.30,123.96
5525,10.66,122.99
5526,10.74,122.54
5527,7.23,124.25
5528,7.08,125.59
5529,6.14,125.14
553,-8.50,127.00
5530,8.26,124.40
5531,8.46,124.69
5532,8.94,125.54
5533,9.89,118.67
5534,11.02,124.57
5535,11.24,124.98
5536,13.62,123.20
5537,16.74,121.51
5538,15.15,120.59
5539,16.41,120.61
554,-8.25,128.16
5540,14.86,120.28
5541,16.03,120.34
5542,14.58,121.05
5543,14.59,120.99
5544,14.64,120.95
5545,14.64,120.99
5546,14.66,120.96
5547,14.69,120.99
5549,14.67,121.07
555,-8.57,116.29
5550,14.63,121.12
5551,14.60,121.04
5552,14.57,121.10
5553,14.55,121.03
5554,14.54,121.00
5555,14.49,121.02
5556,14.46,121.00
5557,14.43,121.05
5558,14.52,121.06
5559,14.54,121.08
556,-4.07,122.12
5560,13.92,121.58
5561,40.51,46.83
5562,38.76,48.84
5563,39.95,48.93
5564,41.19,47.19
5565,39.76,46.75
5566,40.60,47.15
5567,39.40,45.14
5568,53.30,-9.03
5569,51.89,-8.47
557,-1.30,120.15
5570,52.65,-8.60
5571,52.23,-7.08
5572,52.45,-7.83
5573,53.28,-6.40
5574,53.49,-6.28
5575,53.37,-6.26
5576,53.26,-6.19
5577,18.82,19.48
5578,21.47,16.62
5579,18.13,22.10
558,-4.11,138.69
5580,11.47,16.21
5581,14.53,16.95
5582,12.23,21.13
5583,9.09,18.48
5584,-6.43,31.34
5585,-2.97,34.22
5586,-3.10,31.70
5587,-9.40,34.89
5588,-3.52,29.69
5589,2.54,30.90
559,-21.01,165.06
5590,1.51,33.77
5591,1.34,34.13
5592,0.74,33.34
5593,1.25,33.17
5594,1.10,33.99
5595,1.04,33.77
5596,1.50,33.44
5597,0.19,33.00
5598,0.10,33.26
5599,0.14,32.00
56,10.61,-61.45
560,-14.23,167.50
5600,0.20,31.66
5601,2.95,32.03
5602,1.14,31.65
5603,3.57,32.73
5604,1.90,32.52
5605,2.29,32.69
5606,2.27,33.21
5607,2.48,33.33
5608,2.89,33.39
5609,2.03,32.06
561,-15.68,167.16
5610,1.02,30.38
5611,0.46,31.02
5612,1.46,34.60
5613,1.29,34.29
5614,0.25,33.80
5615,2.43,34.30
5616,1.67,34.88
5617,-0.42,31.43
5618,-0.27,31.18
5619,-0.11,31.65
562,-20.19,169.82
5620,-0.16,31.84
5621,-0.27,29.91
5622,-0.64,30.05
5623,-0.64,30.35
5624,-0.35,30.33
5625,2.57,31.86
5626,1.03,34.40
5627,8.81,-8.41
5628,10.40,-14.08
5629,11.17,-14.31
563,-16.38,167.49
5630,9.54,-13.68
5631,9.79,-13.35
5632,10.78,-11.20
5633,10.83,-12.21
5634,11.56,-10.67
5635,10.11,-13.47
5636,9.99,-10.88
5637,9.39,-13.06
5638,10.47,-13.50
5639,11.75,-13.39
564,-15.76,168.19
5640,8.70,-10.22
5641,10.13,-9.13
5642,9.33,-8.91
5643,10.06,-12.73
5644,9.26,-9.89
5645,11.62,-11.71
5646,12.35,-13.18
5647,10.72,-10.02
5648,11.52,-12.34
5649,11.47,-12.63
565,-16.74,168.30
5650,7.86,-8.33
5651,8.55,-9.32
5652,12.02,-12.12
5653,10.34,-11.89
5654,10.72,-8.67
5655,8.05,-8.74
5656,10.93,-12.62
5657,11.57,-9.39
5658,11.45,-11.47
5659,7.62,-9.08
566,-6.25,-79.90
5660,10.92,-13.31
5661,54.99,-1.60
5662,55.02,-1.48
5663,54.95,-1.44
5664,54.86,-1.46
5665,54.94,-1.67
5666,53.41,-2.83
5667,53.56,-3.06
5668,53.43,-2.93
5669,53.44,-2.73
567,-5.10,-80.29
5670,53.84,-3.00
5671,53.62,-1.74
5672,53.74,-1.95
5673,53.85,-1.78
5674,53.81,-1.48
5675,53.65,-1.39
5676,53.50,-2.41
5677,53.53,-2.61
5678,53.59,-2.43
5679,53.58,-2.31
568,-3.88,-80.61
5680,53.63,-2.14
5681,53.55,-2.04
5682,53.46,-2.10
5683,53.38,-2.14
5684,53.46,-2.27
5685,53.41,-2.38
5686,53.39,-1.29
5687,53.41,-1.57
5688,53.53,-1.46
5689,53.52,-1.08
569,-14.03,-72.97
5690,52.48,-1.82
5691,52.51,-2.00
5692,52.47,-2.11
5693,52.60,-2.11
5694,52.60,-1.95
5695,52.40,-1.71
5696,52.41,-1.53
5697,52.02,-0.38
5698,52.18,-0.47
5699,51.45,-1.03
57,10.20,-61.31
570,-15.88,-72.42
5700,51.45,-1.29
5701,51.40,-0.91
5702,51.39,-0.76
5703,51.48,-0.70
5704,51.48,-0.55
5705,51.61,-0.20
5706,53.24,-2.21
5707,53.17,-2.77
5708,53.33,-2.69
5709,56.96,21.99
571,-13.16,-72.25
5710,56.99,21.56
5711,56.70,22.64
5712,56.64,21.99
5713,56.43,21.83
5714,56.72,21.59
5715,56.42,21.55
5716,56.48,21.25
5717,56.35,21.09
5718,56.23,21.21
5719,56.81,21.25
572,-11.87,-70.68
5720,56.61,21.41
5721,57.58,22.41
5722,57.49,22.77
5723,57.33,23.06
5724,56.32,25.11
5725,56.32,25.96
5726,56.56,26.20
5727,56.49,25.72
5728,56.69,25.73
5729,56.70,25.44
573,-15.17,-69.98
5730,56.65,25.23
5731,56.68,25.10
5732,56.51,25.30
5733,56.29,25.53
5734,56.16,25.79
5735,56.48,24.63
5736,56.61,24.21
5737,56.64,23.95
5738,56.41,23.96
5739,56.42,23.31
574,-16.68,-70.75
5740,56.48,22.97
5741,56.99,27.11
5742,57.18,27.63
5743,56.92,27.60
5744,56.76,27.63
5745,56.61,27.86
5746,56.34,28.11
5747,56.12,27.62
5748,56.10,27.09
5749,56.00,26.18
575,-17.57,-70.34
5750,56.38,26.32
5751,56.22,26.51
5752,56.36,26.82
5753,56.55,26.89
5754,57.11,24.39
5755,57.81,24.82
5756,56.89,23.76
5757,56.73,24.36
5758,57.12,24.25
5759,57.00,23.32
576,-8.93,-70.30
5760,57.02,24.39
5761,56.85,24.57
5762,57.10,24.64
5763,56.77,22.91
5764,56.96,23.74
5765,56.94,22.70
5766,56.65,24.73
5767,56.81,24.26
5768,57.28,24.79
5769,56.73,24.95
577,-9.54,-77.66
5770,57.00,24.96
5771,56.89,23.94
5772,56.79,23.96
5773,56.96,24.58
5774,57.75,24.41
5775,56.87,24.36
5776,57.26,24.43
5777,57.20,24.53
5778,57.10,24.83
578,-6.82,-78.61
5780,56.94,24.33
5781,57.08,25.34
5782,57.46,26.50
5783,57.53,25.59
5784,57.68,25.34
5785,57.01,26.27
5786,56.90,25.67
5787,57.14,26.01
5788,57.54,25.21
5789,57.18,25.07
579,-9.59,-75.92
5790,56.94,26.71
5791,57.91,25.03
5792,57.93,25.44
5793,57.36,25.08
5794,57.37,25.44
5795,57.64,25.79
5796,57.89,25.26
5797,57.11,25.70
5798,57.40,26.01
5799,57.34,25.64
58,10.45,-61.34
580,-8.21,-78.28
5800,56.63,26.64
5801,42.89,-2.70
5802,38.83,-1.94
5803,38.54,-0.53
5804,37.16,-2.22
5805,43.33,-5.84
5806,40.56,-4.88
5807,38.57,-6.27
5808,39.62,2.99
5809,41.66,2.01
581,-10.35,-75.46
5810,42.35,-3.61
5811,39.73,-6.08
5812,36.48,-5.82
5813,43.22,-4.02
5814,40.22,-0.10
5815,35.88,-5.34
5816,38.89,-3.75
5817,37.97,-4.75
5818,39.91,-2.15
582,-7.31,-76.62
5820,42.08,2.79
5821,37.27,-3.24
5822,40.84,-2.53
5823,43.15,-2.22
5824,37.62,-6.90
5825,42.19,-0.01
5826,37.98,-3.44
5827,43.10,-8.40
5828,42.32,-2.40
5829,27.95,-15.60
583,-10.00,-73.25
5830,42.60,-5.76
5831,42.01,1.12
5832,42.95,-7.44
5833,40.46,-3.67
5834,36.84,-4.69
5835,35.29,-2.94
5836,37.91,-1.46
5837,42.75,-1.64
5838,42.16,-7.59
5839,42.34,-4.60
584,-5.05,-77.97
5840,42.53,-8.50
5841,40.83,-5.99
5842,28.26,-16.61
5843,41.21,-4.05
5844,37.44,-5.74
5845,41.65,-2.56
5846,41.15,0.87
5847,40.62,-0.81
5848,39.74,-3.95
5849,39.30,-0.71
585,-4.27,-73.89
5850,41.57,-4.83
5851,43.24,-2.80
5852,41.68,-5.84
5853,41.58,-1.05
5854,-25.95,32.58
5855,-4.81,11.86
5856,11.37,24.60
5857,11.03,26.53
5858,14.21,23.09
5859,12.20,23.35
586,-13.92,-73.98
5860,-17.80,48.39
5861,-20.54,46.78
5862,-18.47,47.48
5863,-16.58,49.56
5864,-24.82,45.51
5865,-24.22,46.29
5866,-23.31,44.40
5867,-23.31,47.38
5868,-18.91,48.90
5869,-17.23,47.20
587,-12.11,-76.92
5870,-16.32,46.31
5871,-18.63,46.11
5872,-13.59,49.08
5873,-21.44,46.57
5874,-22.41,46.21
5875,-18.99,46.77
5876,-17.62,44.89
5878,-20.31,45.05
5879,-14.31,49.86
588,-13.05,-75.04
5880,-15.29,48.46
5881,-19.74,46.89
5882,-21.40,47.92
5883,42.03,21.41
5884,46.69,15.89
5885,46.02,14.87
5886,42.66,20.31
5887,42.77,20.49
5888,42.60,20.59
5889,42.53,20.25
589,-14.23,-75.68
5890,42.37,20.41
5891,42.39,20.61
5892,42.95,20.77
5893,43.10,20.79
5894,42.94,20.92
5895,42.79,20.98
5896,42.72,20.74
5897,42.92,20.66
5898,42.60,21.04
5899,42.60,20.88
59,10.15,-61.43
590,-11.37,-74.96
5900,42.68,21.05
5901,42.87,21.18
5902,42.69,21.25
5903,42.50,21.11
5904,42.45,21.45
5905,42.30,21.37
5906,42.58,21.38
5907,42.60,21.59
5908,42.19,20.73
5909,41.99,20.68
591,-11.06,-77.08
5910,42.34,20.85
5911,42.48,20.74
5912,42.41,21.00
5913,42.35,21.14
5914,42.22,21.01
5915,42.20,21.24
5916,-49.32,69.27
5917,-46.40,51.75
5918,-37.86,77.54
5919,-17.06,42.74
592,-4.22,-63.79
5920,35.89,14.43
5921,35.88,14.41
5922,35.89,14.40
5923,35.88,14.38
5924,35.91,14.37
5925,35.96,14.36
5926,35.94,14.40
5927,35.91,14.42
5928,35.93,14.44
5929,35.90,14.44
593,-5.02,-45.39
5930,35.90,14.45
5931,35.91,14.45
5932,35.92,14.46
5933,35.92,14.47
5934,35.93,14.48
5935,35.91,14.49
5936,35.91,14.50
5937,35.91,14.48
5938,35.90,14.49
5939,35.89,14.47
594,-4.44,-52.65
5940,35.89,14.48
5941,35.89,14.49
5942,35.89,14.49
5943,35.89,14.48
5944,35.88,14.49
5945,35.88,14.47
5946,35.87,14.44
5947,35.86,14.39
5948,35.85,14.43
5949,35.89,14.51
595,-10.97,-63.14
5950,35.89,14.54
5951,35.89,14.53
5952,35.88,14.55
5953,35.89,14.51
5954,35.89,14.50
5955,35.88,14.52
5956,35.87,14.54
5957,35.87,14.49
5958,35.87,14.51
5959,35.87,14.52
596,-10.22,-48.25
5960,35.86,14.51
5961,35.85,14.53
5962,35.85,14.55
5963,35.84,14.55
5964,35.86,14.48
5965,35.85,14.50
5966,35.84,14.50
5967,35.84,14.52
5968,35.83,14.52
5969,35.84,14.47
597,-21.80,-59.87
5970,35.84,14.48
5971,35.83,14.49
5972,35.83,14.45
5973,35.82,14.48
5974,36.05,14.20
5975,36.06,14.21
5976,36.06,14.22
5977,36.06,14.25
5978,36.05,14.27
5979,36.05,14.30
598,-22.09,-60.98
5980,36.03,14.32
5981,36.04,14.21
5982,36.04,14.24
5983,36.03,14.24
5984,36.03,14.23
5985,36.02,14.25
5986,36.03,14.27
5987,36.03,14.29
5988,50.44,-4.75
5989,10.25,-3.34
599,-15.77,-47.79
6,-30.57,-56.94
60,10.17,-61.67
600,-20.68,-54.55
601,-18.59,-44.48
602,-13.39,-55.92
603,-22.85,-57.05
604,-25.25,-56.97
605,-23.42,-58.94
606,-24.20,-56.61
607,-25.67,-57.53
608,-25.81,-56.15
609,-26.99,-57.12
61,10.69,-61.33
610,-26.66,-57.93
611,-25.98,-57.15
612,-29.73,-53.66
613,-24.66,-51.32
614,-27.04,-51.16
615,-23.23,-56.18
616,-25.38,-54.94
617,-25.22,-55.88
618,-26.20,-56.00
619,-24.26,-55.20
62,10.28,-61.46
620,-26.85,-55.68
621,-5.38,-39.34
622,-8.09,-43.20
623,-9.77,-36.69
624,-12.37,-41.80
625,-19.69,-40.54
626,-7.34,-36.27
627,-22.40,-43.12
628,-5.66,-36.55
629,-10.59,-37.38
63,10.54,-61.41
630,54.85,-97.38
631,54.50,-105.68
632,55.28,-115.00
633,54.69,-124.66
634,64.39,-97.14
635,64.08,-119.94
636,63.61,-135.70
637,15.63,-87.08
638,15.78,-85.72
639,14.35,-87.18
64,10.66,-61.52
640,15.12,-84.37
641,16.10,-86.93
642,14.81,-85.99
643,15.23,-87.21
644,12.23,-84.21
645,13.58,-87.60
646,14.66,-87.68
647,15.53,-88.04
648,14.40,-88.18
649,14.14,-87.91
65,8.79,-61.59
650,15.05,-88.33
651,14.89,-88.94
652,14.44,-88.65
653,14.52,-89.04
654,11.77,-86.29
655,11.87,-85.97
656,13.70,-85.54
657,14.00,-84.15
658,12.42,-86.72
659,12.30,-86.25
66,4.71,-55.12
660,12.00,-86.12
661,13.26,-87.11
662,14.04,-86.56
663,12.75,-87.17
664,13.22,-86.41
665,13.50,-86.41
666,13.02,-85.49
667,13.72,-86.26
668,12.52,-85.47
669,12.03,-85.12
67,5.58,-54.37
670,1.94,-61.33
671,2.57,-57.49
672,4.93,-59.22
673,5.36,-58.25
674,2.67,-58.96
675,7.74,-59.75
676,6.18,-59.98
677,6.56,-58.09
678,6.54,-58.38
679,6.24,-57.83
68,5.49,-55.30
680,7.17,-58.82
681,1.41,-51.68
682,50.52,-84.79
683,52.26,-73.72
684,46.58,-66.46
685,45.23,-62.81
686,48.66,-56.22
687,46.34,-63.39
69,3.53,-55.99
690,65.71,-22.16
695,65.44,-15.22
697,65.15,-19.70
7,-33.59,-56.88
70,5.71,-54.90
702,65.38,-17.18
704,63.94,-22.12
705,64.02,-18.53
709,64.23,-21.54
71,5.64,-56.25
710,64.82,-21.36
712,53.93,-6.49
713,53.40,-8.62
714,53.90,-9.23
715,53.63,-6.71
716,53.26,-7.53
717,53.53,-7.46
718,52.44,-6.59
719,52.99,-6.39
72,5.84,-55.17
721,53.14,-6.80
722,52.58,-7.29
723,53.01,-7.33
724,52.76,-7.98
725,52.12,-9.55
726,52.52,-8.76
727,53.77,-8.21
728,54.13,-8.49
729,54.89,-8.03
73,5.70,-55.61
730,54.05,-7.99
731,53.72,-7.70
735,38.64,-28.04
736,32.74,-16.95
739,40.67,-8.44
74,5.73,-55.19
740,39.76,-8.76
741,41.91,-8.50
743,37.85,-7.89
744,38.60,-7.88
745,37.17,-7.94
746,38.98,-9.13
747,39.28,-7.65
748,39.29,-8.40
749,41.57,-8.32
75,66.73,14.72
750,41.52,-6.82
751,40.00,-7.58
752,40.16,-8.32
753,40.29,-7.32
754,41.21,-8.33
755,40.84,-7.83
756,41.53,-7.65
759,14.78,-17.33
76,52.89,-9.11
760,7.85,-12.05
761,8.31,-13.09
762,9.14,-11.95
763,14.75,-16.19
764,13.87,-16.42
765,13.88,-15.98
766,15.42,-15.52
767,15.46,-13.51
768,14.69,-16.87
769,11.89,-15.61
77,52.72,-6.79
770,11.52,-15.96
771,12.19,-16.06
772,12.28,-15.30
773,11.56,-15.19
774,12.96,-14.42
775,12.48,-16.34
776,12.14,-14.71
777,12.16,-14.11
778,11.29,-14.93
779,13.93,-13.29
78,51.94,-8.84
780,4.87,-8.26
781,4.64,-7.70
782,5.39,-8.87
783,6.75,-10.78
784,7.00,-9.81
785,6.12,-9.73
786,7.10,-11.00
787,8.13,-9.88
788,6.43,-10.58
789,6.63,-10.18
79,53.96,-7.27
790,8.27,-10.93
791,6.86,-8.74
792,5.83,-9.40
793,5.87,-8.16
794,5.00,21.30
795,4.08,17.68
796,15.77,13.09
798,5.37,10.59
799,5.13,9.24
8,-32.09,-57.22
800,19.45,10.10
801,4.53,15.89
802,3.21,16.34
803,2.79,11.73
804,5.67,15.46
805,6.68,16.01
806,8.21,20.63
807,7.12,19.41
808,5.76,19.31
809,5.99,20.71
810,6.93,17.88
812,9.80,22.24
829,43.71,20.27
830,43.34,21.91
831,44.48,20.95
832,43.98,21.36
833,43.52,21.16
834,43.38,20.58
835,43.12,21.36
836,44.64,20.40
837,44.32,19.92
838,44.60,19.49
839,44.10,20.81
841,42.55,22.03
843,42.96,21.96
844,43.68,22.15
845,24.93,39.44
846,25.95,43.27
847,27.27,41.71
848,27.91,36.80
849,29.63,35.34
850,32.25,37.62
851,31.62,36.44
852,30.79,35.64
853,30.49,36.64
854,32.56,35.82
855,32.29,35.76
856,32.22,35.86
857,31.83,35.72
858,31.59,35.67
859,31.18,35.77
86,7.38,1.06
860,31.81,36.83
861,29.23,43.31
862,29.56,38.37
863,6.88,30.14
864,5.41,28.62
865,4.68,31.29
866,7.48,22.85
867,6.16,25.85
868,5.49,23.46
869,10.36,32.53
87,6.43,1.25
870,7.25,32.58
871,9.00,29.89
872,7.86,28.70
873,7.31,26.38
874,15.73,32.98
875,14.68,33.34
876,14.03,35.04
877,17.56,33.76
878,19.32,28.83
879,13.60,32.36
88,9.59,0.82
880,13.21,34.25
881,16.46,25.51
882,11.45,29.83
883,14.53,29.61
884,15.63,35.60
885,20.16,41.42
886,19.35,42.95
887,17.30,42.73
888,21.43,40.25
889,2.61,37.79
89,8.59,1.00
890,1.16,36.02
891,0.54,34.53
892,4.80,33.54
893,1.01,40.27
894,52.90,6.60
895,53.08,5.77
896,52.06,5.96
897,53.28,6.73
898,51.22,5.93
899,52.43,6.42
9,-32.74,-57.49
90,10.51,0.42
900,68.91,19.08
901,78.81,18.07
902,52.55,5.56
903,51.28,3.79
906,49.98,6.00
907,49.65,6.34
908,49.64,6.05
91,14.11,7.41
910,62.55,8.35
911,62.96,10.70
912,58.67,8.15
913,60.11,6.90
914,59.16,6.42
915,61.55,6.43
916,58.45,7.31
917,60.14,11.22
918,60.43,9.05
919,61.53,11.27
92,14.53,9.66
920,61.57,9.25
921,60.02,10.64
922,59.55,8.49
923,59.31,10.13
924,59.41,11.21
925,64.28,12.26
926,46.71,16.05
927,46.63,15.97
928,46.81,16.21
929,46.75,16.13
93,12.81,3.55
930,46.63,16.06
931,46.80,16.02
934,57.34,21.82
935,55.63,21.39
936,56.04,22.11
937,45.91,14.38
938,45.91,15.60
939,46.01,15.58
94,13.56,2.12
940,45.95,14.43
941,46.24,15.29
942,46.25,14.51
943,45.79,14.38
944,46.47,14.82
945,45.52,15.21
946,46.10,14.67
947,46.59,15.02
948,46.51,15.77
949,46.30,14.79
95,15.60,5.27
950,45.94,14.67
951,46.13,15.13
952,46.08,15.04
953,45.94,14.52
954,45.57,14.29
955,45.90,14.82
956,46.40,15.75
957,46.07,15.57
958,45.94,15.47
959,46.65,15.59
96,33.44,10.65
960,46.14,15.25
961,46.08,14.92
962,46.06,14.58
963,46.37,14.84
964,45.94,14.20
965,45.65,14.64
966,46.18,14.78
967,46.12,14.40
968,46.16,14.55
969,45.65,15.30
97,33.36,8.85
970,46.53,14.85
971,46.44,15.23
972,46.13,14.76
973,46.36,14.94
974,46.62,15.13
975,46.29,14.91
976,46.63,15.71
977,45.68,14.24
978,45.79,14.18
979,46.45,15.64
98,32.15,9.89
980,46.07,15.16
981,46.60,15.25
982,46.24,15.65
983,46.24,15.74
984,45.65,15.16
985,46.24,14.43
986,46.69,15.71
987,45.81,15.35
988,46.01,15.26
989,45.92,15.30
990,45.96,14.57
991,46.49,15.08
992,46.32,15.46
993,46.22,15.53
994,46.34,15.03
995,46.42,14.99
996,46.45,15.77
997,46.20,15.33
999,45.94,15.05
